TimeQuest Timing Analyzer report for Ejercicio11
Wed Sep 23 19:17:11 2026
Quartus II 64-Bit Version 13.1.0 Build 162 10/23/2013 SJ Web Edition


---------------------
; Table of Contents ;
---------------------
  1. Legal Notice
  2. TimeQuest Timing Analyzer Summary
  3. Parallel Compilation
  4. Clocks
  5. Slow 1100mV 85C Model Fmax Summary
  6. Timing Closure Recommendations
  7. Slow 1100mV 85C Model Setup Summary
  8. Slow 1100mV 85C Model Hold Summary
  9. Slow 1100mV 85C Model Recovery Summary
 10. Slow 1100mV 85C Model Removal Summary
 11. Slow 1100mV 85C Model Minimum Pulse Width Summary
 12. Propagation Delay
 13. Minimum Propagation Delay
 14. Slow 1100mV 85C Model Metastability Report
 15. Slow 1100mV 0C Model Fmax Summary
 16. Slow 1100mV 0C Model Setup Summary
 17. Slow 1100mV 0C Model Hold Summary
 18. Slow 1100mV 0C Model Recovery Summary
 19. Slow 1100mV 0C Model Removal Summary
 20. Slow 1100mV 0C Model Minimum Pulse Width Summary
 21. Propagation Delay
 22. Minimum Propagation Delay
 23. Slow 1100mV 0C Model Metastability Report
 24. Fast 1100mV 85C Model Setup Summary
 25. Fast 1100mV 85C Model Hold Summary
 26. Fast 1100mV 85C Model Recovery Summary
 27. Fast 1100mV 85C Model Removal Summary
 28. Fast 1100mV 85C Model Minimum Pulse Width Summary
 29. Propagation Delay
 30. Minimum Propagation Delay
 31. Fast 1100mV 85C Model Metastability Report
 32. Fast 1100mV 0C Model Setup Summary
 33. Fast 1100mV 0C Model Hold Summary
 34. Fast 1100mV 0C Model Recovery Summary
 35. Fast 1100mV 0C Model Removal Summary
 36. Fast 1100mV 0C Model Minimum Pulse Width Summary
 37. Propagation Delay
 38. Minimum Propagation Delay
 39. Fast 1100mV 0C Model Metastability Report
 40. Multicorner Timing Analysis Summary
 41. Propagation Delay
 42. Minimum Propagation Delay
 43. Board Trace Model Assignments
 44. Input Transition Times
 45. Signal Integrity Metrics (Slow 1100mv 0c Model)
 46. Signal Integrity Metrics (Slow 1100mv 85c Model)
 47. Signal Integrity Metrics (Fast 1100mv 0c Model)
 48. Signal Integrity Metrics (Fast 1100mv 85c Model)
 49. Clock Transfers
 50. Report TCCS
 51. Report RSKM
 52. Unconstrained Paths
 53. TimeQuest Timing Analyzer Messages



----------------
; Legal Notice ;
----------------
Copyright (C) 1991-2013 Altera Corporation
Your use of Altera Corporation's design tools, logic functions 
and other software and tools, and its AMPP partner logic 
functions, and any output files from any of the foregoing 
(including device programming or simulation files), and any 
associated documentation or information are expressly subject 
to the terms and conditions of the Altera Program License 
Subscription Agreement, Altera MegaCore Function License 
Agreement, or other applicable license agreement, including, 
without limitation, that your use is for the sole purpose of 
programming logic devices manufactured by Altera and sold by 
Altera or its authorized distributors.  Please refer to the 
applicable agreement for further details.



+-------------------------------------------------------------------------+
; TimeQuest Timing Analyzer Summary                                       ;
+--------------------+----------------------------------------------------+
; Quartus II Version ; Version 13.1.0 Build 162 10/23/2013 SJ Web Edition ;
; Revision Name      ; Ejercicio11                                        ;
; Device Family      ; Cyclone V                                          ;
; Device Name        ; 5CEBA4F23C7                                        ;
; Timing Models      ; Final                                              ;
; Delay Model        ; Combined                                           ;
; Rise/Fall Delays   ; Enabled                                            ;
+--------------------+----------------------------------------------------+


+------------------------------------------+
; Parallel Compilation                     ;
+----------------------------+-------------+
; Processors                 ; Number      ;
+----------------------------+-------------+
; Number detected on machine ; 12          ;
; Maximum allowed            ; 8           ;
;                            ;             ;
; Average used               ; 1.00        ;
; Maximum used               ; 8           ;
;                            ;             ;
; Usage by Processor         ; % Time Used ;
;     Processor 1            ; 100.0%      ;
;     Processors 2-8         ; < 0.1%      ;
;     Processors 9-12        ;   0.0%      ;
+----------------------------+-------------+


----------
; Clocks ;
----------
No clocks to report.


--------------------------------------
; Slow 1100mV 85C Model Fmax Summary ;
--------------------------------------
No paths to report.


----------------------------------
; Timing Closure Recommendations ;
----------------------------------
HTML report is unavailable in plain text report export.


---------------------------------------
; Slow 1100mV 85C Model Setup Summary ;
---------------------------------------
No paths to report.


--------------------------------------
; Slow 1100mV 85C Model Hold Summary ;
--------------------------------------
No paths to report.


------------------------------------------
; Slow 1100mV 85C Model Recovery Summary ;
------------------------------------------
No paths to report.


-----------------------------------------
; Slow 1100mV 85C Model Removal Summary ;
-----------------------------------------
No paths to report.


-----------------------------------------------------
; Slow 1100mV 85C Model Minimum Pulse Width Summary ;
-----------------------------------------------------
No paths to report.


+---------------------------------------------------------------+
; Propagation Delay                                             ;
+------------+--------------+--------+--------+--------+--------+
; Input Port ; Output Port  ; RR     ; RF     ; FR     ; FF     ;
+------------+--------------+--------+--------+--------+--------+
; iSelect[0] ; oDisplay1[0] ;        ; 8.301  ; 8.580  ;        ;
; iSelect[0] ; oDisplay1[2] ;        ; 8.284  ; 8.560  ;        ;
; iSelect[0] ; oDisplay1[3] ;        ; 8.570  ; 8.913  ;        ;
; iSelect[0] ; oDisplay1[5] ;        ; 8.305  ; 8.590  ;        ;
; iSelect[0] ; oDisplay1[6] ;        ; 8.195  ; 8.428  ;        ;
; iSelect[0] ; oDisplay2[0] ; 8.996  ;        ;        ; 8.823  ;
; iSelect[0] ; oDisplay2[2] ; 7.862  ;        ;        ; 7.955  ;
; iSelect[0] ; oDisplay2[3] ; 8.250  ;        ;        ; 8.229  ;
; iSelect[0] ; oDisplay2[5] ; 7.968  ;        ;        ; 8.032  ;
; iSelect[0] ; oDisplay2[6] ; 8.412  ;        ;        ; 8.362  ;
; iSelect[0] ; oDisplay3[0] ;        ; 8.015  ; 8.355  ;        ;
; iSelect[0] ; oDisplay3[2] ;        ; 8.267  ; 8.725  ;        ;
; iSelect[0] ; oDisplay3[3] ;        ; 7.974  ; 8.330  ;        ;
; iSelect[0] ; oDisplay3[5] ;        ; 8.380  ; 8.845  ;        ;
; iSelect[0] ; oDisplay3[6] ;        ; 8.129  ; 8.467  ;        ;
; iSelect[0] ; oDisplay4[0] ; 8.358  ;        ;        ; 8.415  ;
; iSelect[0] ; oDisplay4[2] ; 8.291  ;        ;        ; 8.346  ;
; iSelect[0] ; oDisplay4[3] ; 8.427  ;        ;        ; 8.338  ;
; iSelect[0] ; oDisplay4[5] ; 8.425  ;        ;        ; 8.328  ;
; iSelect[0] ; oDisplay4[6] ; 7.843  ;        ;        ; 7.911  ;
; iSelect[0] ; oDisplay5[0] ;        ; 8.314  ; 8.795  ;        ;
; iSelect[0] ; oDisplay5[2] ;        ; 7.944  ; 8.323  ;        ;
; iSelect[0] ; oDisplay5[3] ;        ; 8.296  ; 8.794  ;        ;
; iSelect[0] ; oDisplay5[5] ;        ; 8.817  ; 9.428  ;        ;
; iSelect[0] ; oDisplay5[6] ;        ; 8.454  ; 8.962  ;        ;
; iSelect[0] ; oDisplay6[0] ; 8.441  ;        ;        ; 8.455  ;
; iSelect[0] ; oDisplay6[2] ; 11.093 ;        ;        ; 10.546 ;
; iSelect[0] ; oDisplay6[3] ; 8.460  ;        ;        ; 8.484  ;
; iSelect[0] ; oDisplay6[5] ; 8.389  ;        ;        ; 8.391  ;
; iSelect[0] ; oDisplay6[6] ; 8.214  ;        ;        ; 8.267  ;
; iSelect[1] ; oDisplay1[0] ; 7.758  ;        ;        ; 7.852  ;
; iSelect[1] ; oDisplay1[2] ; 7.738  ;        ;        ; 7.835  ;
; iSelect[1] ; oDisplay1[3] ; 8.091  ;        ;        ; 8.121  ;
; iSelect[1] ; oDisplay1[5] ; 7.768  ;        ;        ; 7.856  ;
; iSelect[1] ; oDisplay1[6] ; 7.606  ;        ;        ; 7.746  ;
; iSelect[1] ; oDisplay2[0] ;        ; 7.983  ; 8.550  ;        ;
; iSelect[1] ; oDisplay2[2] ;        ; 7.115  ; 7.416  ;        ;
; iSelect[1] ; oDisplay2[3] ;        ; 7.389  ; 7.804  ;        ;
; iSelect[1] ; oDisplay2[5] ;        ; 7.192  ; 7.522  ;        ;
; iSelect[1] ; oDisplay2[6] ;        ; 7.522  ; 7.966  ;        ;
; iSelect[1] ; oDisplay3[0] ;        ; 7.366  ; 7.716  ;        ;
; iSelect[1] ; oDisplay3[2] ;        ; 7.618  ; 8.086  ;        ;
; iSelect[1] ; oDisplay3[3] ;        ; 7.325  ; 7.691  ;        ;
; iSelect[1] ; oDisplay3[5] ;        ; 7.731  ; 8.206  ;        ;
; iSelect[1] ; oDisplay3[6] ;        ; 7.480  ; 7.828  ;        ;
; iSelect[1] ; oDisplay4[0] ; 7.729  ;        ;        ; 7.779  ;
; iSelect[1] ; oDisplay4[2] ; 7.662  ;        ;        ; 7.710  ;
; iSelect[1] ; oDisplay4[3] ; 7.798  ;        ;        ; 7.702  ;
; iSelect[1] ; oDisplay4[5] ; 7.796  ;        ;        ; 7.692  ;
; iSelect[1] ; oDisplay4[6] ; 7.214  ;        ;        ; 7.275  ;
; iSelect[1] ; oDisplay5[0] ; 7.994  ;        ;        ; 7.889  ;
; iSelect[1] ; oDisplay5[2] ; 7.522  ;        ;        ; 7.519  ;
; iSelect[1] ; oDisplay5[3] ; 7.993  ;        ;        ; 7.871  ;
; iSelect[1] ; oDisplay5[5] ; 8.627  ;        ;        ; 8.392  ;
; iSelect[1] ; oDisplay5[6] ; 8.161  ;        ;        ; 8.029  ;
; iSelect[1] ; oDisplay6[0] ;        ; 7.636  ; 8.018  ;        ;
; iSelect[1] ; oDisplay6[2] ;        ; 9.727  ; 10.670 ;        ;
; iSelect[1] ; oDisplay6[3] ;        ; 7.665  ; 8.037  ;        ;
; iSelect[1] ; oDisplay6[5] ;        ; 7.572  ; 7.966  ;        ;
; iSelect[1] ; oDisplay6[6] ;        ; 7.448  ; 7.791  ;        ;
; iSelect[2] ; oDisplay1[0] ; 8.510  ;        ;        ; 8.609  ;
; iSelect[2] ; oDisplay1[2] ; 8.490  ;        ;        ; 8.592  ;
; iSelect[2] ; oDisplay1[3] ; 8.843  ;        ;        ; 8.878  ;
; iSelect[2] ; oDisplay1[5] ; 8.520  ;        ;        ; 8.613  ;
; iSelect[2] ; oDisplay1[6] ; 8.358  ;        ;        ; 8.503  ;
; iSelect[2] ; oDisplay2[0] ; 9.110  ;        ;        ; 8.936  ;
; iSelect[2] ; oDisplay2[2] ; 7.976  ;        ;        ; 8.068  ;
; iSelect[2] ; oDisplay2[3] ; 8.364  ;        ;        ; 8.342  ;
; iSelect[2] ; oDisplay2[5] ; 8.082  ;        ;        ; 8.145  ;
; iSelect[2] ; oDisplay2[6] ; 8.526  ;        ;        ; 8.475  ;
; iSelect[2] ; oDisplay3[0] ; 8.227  ;        ;        ; 8.180  ;
; iSelect[2] ; oDisplay3[2] ; 8.597  ;        ;        ; 8.432  ;
; iSelect[2] ; oDisplay3[3] ; 8.202  ;        ;        ; 8.139  ;
; iSelect[2] ; oDisplay3[5] ; 8.717  ;        ;        ; 8.545  ;
; iSelect[2] ; oDisplay3[6] ; 8.339  ;        ;        ; 8.294  ;
; iSelect[2] ; oDisplay4[0] ;        ; 8.345  ; 8.664  ;        ;
; iSelect[2] ; oDisplay4[2] ;        ; 8.276  ; 8.597  ;        ;
; iSelect[2] ; oDisplay4[3] ;        ; 8.268  ; 8.733  ;        ;
; iSelect[2] ; oDisplay4[5] ;        ; 8.258  ; 8.731  ;        ;
; iSelect[2] ; oDisplay4[6] ;        ; 7.841  ; 8.149  ;        ;
; iSelect[2] ; oDisplay5[0] ;        ; 8.289  ; 8.877  ;        ;
; iSelect[2] ; oDisplay5[2] ;        ; 7.919  ; 8.405  ;        ;
; iSelect[2] ; oDisplay5[3] ;        ; 8.271  ; 8.876  ;        ;
; iSelect[2] ; oDisplay5[5] ;        ; 8.792  ; 9.510  ;        ;
; iSelect[2] ; oDisplay5[6] ;        ; 8.429  ; 9.044  ;        ;
; iSelect[2] ; oDisplay6[0] ;        ; 8.368  ; 8.729  ;        ;
; iSelect[2] ; oDisplay6[2] ;        ; 10.459 ; 11.381 ;        ;
; iSelect[2] ; oDisplay6[3] ;        ; 8.397  ; 8.748  ;        ;
; iSelect[2] ; oDisplay6[5] ;        ; 8.304  ; 8.677  ;        ;
; iSelect[2] ; oDisplay6[6] ;        ; 8.180  ; 8.502  ;        ;
+------------+--------------+--------+--------+--------+--------+


+------------------------------------------------------------+
; Minimum Propagation Delay                                  ;
+------------+--------------+-------+-------+--------+-------+
; Input Port ; Output Port  ; RR    ; RF    ; FR     ; FF    ;
+------------+--------------+-------+-------+--------+-------+
; iSelect[0] ; oDisplay1[0] ;       ; 7.559 ; 7.781  ;       ;
; iSelect[0] ; oDisplay1[2] ;       ; 7.540 ; 7.760  ;       ;
; iSelect[0] ; oDisplay1[3] ;       ; 7.791 ; 8.047  ;       ;
; iSelect[0] ; oDisplay1[5] ;       ; 7.561 ; 7.789  ;       ;
; iSelect[0] ; oDisplay1[6] ;       ; 7.466 ; 7.651  ;       ;
; iSelect[0] ; oDisplay2[0] ; 8.076 ;       ;        ; 7.959 ;
; iSelect[0] ; oDisplay2[2] ; 7.189 ;       ;        ; 7.218 ;
; iSelect[0] ; oDisplay2[3] ; 7.484 ;       ;        ; 7.444 ;
; iSelect[0] ; oDisplay2[5] ; 7.280 ;       ;        ; 7.285 ;
; iSelect[0] ; oDisplay2[6] ; 7.633 ;       ;        ; 7.567 ;
; iSelect[0] ; oDisplay3[0] ;       ; 7.313 ; 7.604  ;       ;
; iSelect[0] ; oDisplay3[2] ;       ; 7.499 ; 7.847  ;       ;
; iSelect[0] ; oDisplay3[3] ;       ; 7.246 ; 7.526  ;       ;
; iSelect[0] ; oDisplay3[5] ;       ; 7.613 ; 7.969  ;       ;
; iSelect[0] ; oDisplay3[6] ;       ; 7.382 ; 7.639  ;       ;
; iSelect[0] ; oDisplay4[0] ; 7.577 ;       ;        ; 7.610 ;
; iSelect[0] ; oDisplay4[2] ; 7.515 ;       ;        ; 7.545 ;
; iSelect[0] ; oDisplay4[3] ; 7.594 ;       ;        ; 7.521 ;
; iSelect[0] ; oDisplay4[5] ; 7.593 ;       ;        ; 7.511 ;
; iSelect[0] ; oDisplay4[6] ; 7.155 ;       ;        ; 7.162 ;
; iSelect[0] ; oDisplay5[0] ;       ; 7.543 ; 7.896  ;       ;
; iSelect[0] ; oDisplay5[2] ;       ; 7.218 ; 7.517  ;       ;
; iSelect[0] ; oDisplay5[3] ;       ; 7.510 ; 7.864  ;       ;
; iSelect[0] ; oDisplay5[5] ;       ; 7.969 ; 8.387  ;       ;
; iSelect[0] ; oDisplay5[6] ;       ; 7.668 ; 8.032  ;       ;
; iSelect[0] ; oDisplay6[0] ; 7.648 ;       ;        ; 7.648 ;
; iSelect[0] ; oDisplay6[2] ; 9.939 ;       ;        ; 9.533 ;
; iSelect[0] ; oDisplay6[3] ; 7.658 ;       ;        ; 7.669 ;
; iSelect[0] ; oDisplay6[5] ; 7.606 ;       ;        ; 7.594 ;
; iSelect[0] ; oDisplay6[6] ; 7.475 ;       ;        ; 7.488 ;
; iSelect[1] ; oDisplay1[0] ; 7.064 ;       ;        ; 7.137 ;
; iSelect[1] ; oDisplay1[2] ; 7.043 ;       ;        ; 7.118 ;
; iSelect[1] ; oDisplay1[3] ; 7.330 ;       ;        ; 7.369 ;
; iSelect[1] ; oDisplay1[5] ; 7.072 ;       ;        ; 7.139 ;
; iSelect[1] ; oDisplay1[6] ; 6.934 ;       ;        ; 7.044 ;
; iSelect[1] ; oDisplay2[0] ;       ; 7.256 ; 7.643  ;       ;
; iSelect[1] ; oDisplay2[2] ;       ; 6.515 ; 6.756  ;       ;
; iSelect[1] ; oDisplay2[3] ;       ; 6.741 ; 7.051  ;       ;
; iSelect[1] ; oDisplay2[5] ;       ; 6.582 ; 6.847  ;       ;
; iSelect[1] ; oDisplay2[6] ;       ; 6.864 ; 7.200  ;       ;
; iSelect[1] ; oDisplay3[0] ;       ; 6.744 ; 7.022  ;       ;
; iSelect[1] ; oDisplay3[2] ;       ; 6.930 ; 7.265  ;       ;
; iSelect[1] ; oDisplay3[3] ;       ; 6.677 ; 6.944  ;       ;
; iSelect[1] ; oDisplay3[5] ;       ; 7.044 ; 7.387  ;       ;
; iSelect[1] ; oDisplay3[6] ;       ; 6.813 ; 7.057  ;       ;
; iSelect[1] ; oDisplay4[0] ; 7.009 ;       ;        ; 7.055 ;
; iSelect[1] ; oDisplay4[2] ; 6.947 ;       ;        ; 6.990 ;
; iSelect[1] ; oDisplay4[3] ; 7.026 ;       ;        ; 6.966 ;
; iSelect[1] ; oDisplay4[5] ; 7.025 ;       ;        ; 6.956 ;
; iSelect[1] ; oDisplay4[6] ; 6.587 ;       ;        ; 6.607 ;
; iSelect[1] ; oDisplay5[0] ; 7.199 ;       ;        ; 7.142 ;
; iSelect[1] ; oDisplay5[2] ; 6.820 ;       ;        ; 6.817 ;
; iSelect[1] ; oDisplay5[3] ; 7.167 ;       ;        ; 7.109 ;
; iSelect[1] ; oDisplay5[5] ; 7.690 ;       ;        ; 7.568 ;
; iSelect[1] ; oDisplay5[6] ; 7.335 ;       ;        ; 7.267 ;
; iSelect[1] ; oDisplay6[0] ;       ; 6.964 ; 7.236  ;       ;
; iSelect[1] ; oDisplay6[2] ;       ; 8.849 ; 9.527  ;       ;
; iSelect[1] ; oDisplay6[3] ;       ; 6.985 ; 7.246  ;       ;
; iSelect[1] ; oDisplay6[5] ;       ; 6.910 ; 7.194  ;       ;
; iSelect[1] ; oDisplay6[6] ;       ; 6.804 ; 7.063  ;       ;
; iSelect[2] ; oDisplay1[0] ; 7.752 ;       ;        ; 7.811 ;
; iSelect[2] ; oDisplay1[2] ; 7.731 ;       ;        ; 7.792 ;
; iSelect[2] ; oDisplay1[3] ; 8.018 ;       ;        ; 8.043 ;
; iSelect[2] ; oDisplay1[5] ; 7.760 ;       ;        ; 7.813 ;
; iSelect[2] ; oDisplay1[6] ; 7.622 ;       ;        ; 7.718 ;
; iSelect[2] ; oDisplay2[0] ; 8.182 ;       ;        ; 8.071 ;
; iSelect[2] ; oDisplay2[2] ; 7.295 ;       ;        ; 7.330 ;
; iSelect[2] ; oDisplay2[3] ; 7.590 ;       ;        ; 7.556 ;
; iSelect[2] ; oDisplay2[5] ; 7.386 ;       ;        ; 7.397 ;
; iSelect[2] ; oDisplay2[6] ; 7.739 ;       ;        ; 7.679 ;
; iSelect[2] ; oDisplay3[0] ; 7.470 ;       ;        ; 7.470 ;
; iSelect[2] ; oDisplay3[2] ; 7.713 ;       ;        ; 7.656 ;
; iSelect[2] ; oDisplay3[3] ; 7.392 ;       ;        ; 7.403 ;
; iSelect[2] ; oDisplay3[5] ; 7.835 ;       ;        ; 7.770 ;
; iSelect[2] ; oDisplay3[6] ; 7.505 ;       ;        ; 7.539 ;
; iSelect[2] ; oDisplay4[0] ;       ; 7.577 ; 7.818  ;       ;
; iSelect[2] ; oDisplay4[2] ;       ; 7.512 ; 7.756  ;       ;
; iSelect[2] ; oDisplay4[3] ;       ; 7.488 ; 7.835  ;       ;
; iSelect[2] ; oDisplay4[5] ;       ; 7.478 ; 7.834  ;       ;
; iSelect[2] ; oDisplay4[6] ;       ; 7.129 ; 7.396  ;       ;
; iSelect[2] ; oDisplay5[0] ;       ; 7.550 ; 7.915  ;       ;
; iSelect[2] ; oDisplay5[2] ;       ; 7.225 ; 7.536  ;       ;
; iSelect[2] ; oDisplay5[3] ;       ; 7.517 ; 7.883  ;       ;
; iSelect[2] ; oDisplay5[5] ;       ; 7.976 ; 8.406  ;       ;
; iSelect[2] ; oDisplay5[6] ;       ; 7.675 ; 8.051  ;       ;
; iSelect[2] ; oDisplay6[0] ;       ; 7.601 ; 7.874  ;       ;
; iSelect[2] ; oDisplay6[2] ;       ; 9.486 ; 10.165 ;       ;
; iSelect[2] ; oDisplay6[3] ;       ; 7.622 ; 7.884  ;       ;
; iSelect[2] ; oDisplay6[5] ;       ; 7.547 ; 7.832  ;       ;
; iSelect[2] ; oDisplay6[6] ;       ; 7.441 ; 7.701  ;       ;
+------------+--------------+-------+-------+--------+-------+


----------------------------------------------
; Slow 1100mV 85C Model Metastability Report ;
----------------------------------------------
No synchronizer chains to report.


-------------------------------------
; Slow 1100mV 0C Model Fmax Summary ;
-------------------------------------
No paths to report.


--------------------------------------
; Slow 1100mV 0C Model Setup Summary ;
--------------------------------------
No paths to report.


-------------------------------------
; Slow 1100mV 0C Model Hold Summary ;
-------------------------------------
No paths to report.


-----------------------------------------
; Slow 1100mV 0C Model Recovery Summary ;
-----------------------------------------
No paths to report.


----------------------------------------
; Slow 1100mV 0C Model Removal Summary ;
----------------------------------------
No paths to report.


----------------------------------------------------
; Slow 1100mV 0C Model Minimum Pulse Width Summary ;
----------------------------------------------------
No paths to report.


+---------------------------------------------------------------+
; Propagation Delay                                             ;
+------------+--------------+--------+--------+--------+--------+
; Input Port ; Output Port  ; RR     ; RF     ; FR     ; FF     ;
+------------+--------------+--------+--------+--------+--------+
; iSelect[0] ; oDisplay1[0] ;        ; 8.168  ; 8.488  ;        ;
; iSelect[0] ; oDisplay1[2] ;        ; 8.148  ; 8.469  ;        ;
; iSelect[0] ; oDisplay1[3] ;        ; 8.408  ; 8.813  ;        ;
; iSelect[0] ; oDisplay1[5] ;        ; 8.172  ; 8.499  ;        ;
; iSelect[0] ; oDisplay1[6] ;        ; 8.054  ; 8.336  ;        ;
; iSelect[0] ; oDisplay2[0] ; 8.896  ;        ;        ; 8.705  ;
; iSelect[0] ; oDisplay2[2] ; 7.759  ;        ;        ; 7.860  ;
; iSelect[0] ; oDisplay2[3] ; 8.156  ;        ;        ; 8.137  ;
; iSelect[0] ; oDisplay2[5] ; 7.872  ;        ;        ; 7.943  ;
; iSelect[0] ; oDisplay2[6] ; 8.315  ;        ;        ; 8.258  ;
; iSelect[0] ; oDisplay3[0] ;        ; 7.904  ; 8.268  ;        ;
; iSelect[0] ; oDisplay3[2] ;        ; 8.130  ; 8.607  ;        ;
; iSelect[0] ; oDisplay3[3] ;        ; 7.857  ; 8.224  ;        ;
; iSelect[0] ; oDisplay3[5] ;        ; 8.227  ; 8.731  ;        ;
; iSelect[0] ; oDisplay3[6] ;        ; 8.037  ; 8.378  ;        ;
; iSelect[0] ; oDisplay4[0] ; 8.254  ;        ;        ; 8.318  ;
; iSelect[0] ; oDisplay4[2] ; 8.190  ;        ;        ; 8.255  ;
; iSelect[0] ; oDisplay4[3] ; 8.333  ;        ;        ; 8.258  ;
; iSelect[0] ; oDisplay4[5] ; 8.331  ;        ;        ; 8.253  ;
; iSelect[0] ; oDisplay4[6] ; 7.745  ;        ;        ; 7.841  ;
; iSelect[0] ; oDisplay5[0] ;        ; 8.182  ; 8.687  ;        ;
; iSelect[0] ; oDisplay5[2] ;        ; 7.838  ; 8.213  ;        ;
; iSelect[0] ; oDisplay5[3] ;        ; 8.193  ; 8.703  ;        ;
; iSelect[0] ; oDisplay5[5] ;        ; 8.675  ; 9.323  ;        ;
; iSelect[0] ; oDisplay5[6] ;        ; 8.334  ; 8.877  ;        ;
; iSelect[0] ; oDisplay6[0] ; 8.325  ;        ;        ; 8.338  ;
; iSelect[0] ; oDisplay6[2] ; 11.030 ;        ;        ; 10.391 ;
; iSelect[0] ; oDisplay6[3] ; 8.338  ;        ;        ; 8.363  ;
; iSelect[0] ; oDisplay6[5] ; 8.277  ;        ;        ; 8.276  ;
; iSelect[0] ; oDisplay6[6] ; 8.103  ;        ;        ; 8.163  ;
; iSelect[1] ; oDisplay1[0] ; 7.557  ;        ;        ; 7.643  ;
; iSelect[1] ; oDisplay1[2] ; 7.538  ;        ;        ; 7.623  ;
; iSelect[1] ; oDisplay1[3] ; 7.882  ;        ;        ; 7.883  ;
; iSelect[1] ; oDisplay1[5] ; 7.568  ;        ;        ; 7.647  ;
; iSelect[1] ; oDisplay1[6] ; 7.405  ;        ;        ; 7.529  ;
; iSelect[1] ; oDisplay2[0] ;        ; 7.742  ; 8.373  ;        ;
; iSelect[1] ; oDisplay2[2] ;        ; 6.897  ; 7.236  ;        ;
; iSelect[1] ; oDisplay2[3] ;        ; 7.174  ; 7.633  ;        ;
; iSelect[1] ; oDisplay2[5] ;        ; 6.980  ; 7.349  ;        ;
; iSelect[1] ; oDisplay2[6] ;        ; 7.295  ; 7.792  ;        ;
; iSelect[1] ; oDisplay3[0] ;        ; 7.149  ; 7.546  ;        ;
; iSelect[1] ; oDisplay3[2] ;        ; 7.375  ; 7.885  ;        ;
; iSelect[1] ; oDisplay3[3] ;        ; 7.102  ; 7.502  ;        ;
; iSelect[1] ; oDisplay3[5] ;        ; 7.472  ; 8.009  ;        ;
; iSelect[1] ; oDisplay3[6] ;        ; 7.282  ; 7.656  ;        ;
; iSelect[1] ; oDisplay4[0] ; 7.519  ;        ;        ; 7.592  ;
; iSelect[1] ; oDisplay4[2] ; 7.455  ;        ;        ; 7.529  ;
; iSelect[1] ; oDisplay4[3] ; 7.598  ;        ;        ; 7.532  ;
; iSelect[1] ; oDisplay4[5] ; 7.596  ;        ;        ; 7.527  ;
; iSelect[1] ; oDisplay4[6] ; 7.010  ;        ;        ; 7.115  ;
; iSelect[1] ; oDisplay5[0] ; 7.783  ;        ;        ; 7.685  ;
; iSelect[1] ; oDisplay5[2] ; 7.309  ;        ;        ; 7.341  ;
; iSelect[1] ; oDisplay5[3] ; 7.799  ;        ;        ; 7.696  ;
; iSelect[1] ; oDisplay5[5] ; 8.419  ;        ;        ; 8.178  ;
; iSelect[1] ; oDisplay5[6] ; 7.973  ;        ;        ; 7.837  ;
; iSelect[1] ; oDisplay6[0] ;        ; 7.401  ; 7.830  ;        ;
; iSelect[1] ; oDisplay6[2] ;        ; 9.454  ; 10.535 ;        ;
; iSelect[1] ; oDisplay6[3] ;        ; 7.426  ; 7.843  ;        ;
; iSelect[1] ; oDisplay6[5] ;        ; 7.339  ; 7.782  ;        ;
; iSelect[1] ; oDisplay6[6] ;        ; 7.226  ; 7.608  ;        ;
; iSelect[2] ; oDisplay1[0] ; 8.413  ;        ;        ; 8.484  ;
; iSelect[2] ; oDisplay1[2] ; 8.394  ;        ;        ; 8.464  ;
; iSelect[2] ; oDisplay1[3] ; 8.738  ;        ;        ; 8.724  ;
; iSelect[2] ; oDisplay1[5] ; 8.424  ;        ;        ; 8.488  ;
; iSelect[2] ; oDisplay1[6] ; 8.261  ;        ;        ; 8.370  ;
; iSelect[2] ; oDisplay2[0] ; 9.013  ;        ;        ; 8.814  ;
; iSelect[2] ; oDisplay2[2] ; 7.876  ;        ;        ; 7.969  ;
; iSelect[2] ; oDisplay2[3] ; 8.273  ;        ;        ; 8.246  ;
; iSelect[2] ; oDisplay2[5] ; 7.989  ;        ;        ; 8.052  ;
; iSelect[2] ; oDisplay2[6] ; 8.432  ;        ;        ; 8.367  ;
; iSelect[2] ; oDisplay3[0] ; 8.120  ;        ;        ; 8.054  ;
; iSelect[2] ; oDisplay3[2] ; 8.459  ;        ;        ; 8.280  ;
; iSelect[2] ; oDisplay3[3] ; 8.076  ;        ;        ; 8.007  ;
; iSelect[2] ; oDisplay3[5] ; 8.583  ;        ;        ; 8.377  ;
; iSelect[2] ; oDisplay3[6] ; 8.230  ;        ;        ; 8.187  ;
; iSelect[2] ; oDisplay4[0] ;        ; 8.241  ; 8.566  ;        ;
; iSelect[2] ; oDisplay4[2] ;        ; 8.178  ; 8.502  ;        ;
; iSelect[2] ; oDisplay4[3] ;        ; 8.181  ; 8.645  ;        ;
; iSelect[2] ; oDisplay4[5] ;        ; 8.176  ; 8.643  ;        ;
; iSelect[2] ; oDisplay4[6] ;        ; 7.764  ; 8.057  ;        ;
; iSelect[2] ; oDisplay5[0] ;        ; 8.130  ; 8.771  ;        ;
; iSelect[2] ; oDisplay5[2] ;        ; 7.786  ; 8.297  ;        ;
; iSelect[2] ; oDisplay5[3] ;        ; 8.141  ; 8.787  ;        ;
; iSelect[2] ; oDisplay5[5] ;        ; 8.623  ; 9.407  ;        ;
; iSelect[2] ; oDisplay5[6] ;        ; 8.282  ; 8.961  ;        ;
; iSelect[2] ; oDisplay6[0] ;        ; 8.245  ; 8.620  ;        ;
; iSelect[2] ; oDisplay6[2] ;        ; 10.298 ; 11.325 ;        ;
; iSelect[2] ; oDisplay6[3] ;        ; 8.270  ; 8.633  ;        ;
; iSelect[2] ; oDisplay6[5] ;        ; 8.183  ; 8.572  ;        ;
; iSelect[2] ; oDisplay6[6] ;        ; 8.070  ; 8.398  ;        ;
+------------+--------------+--------+--------+--------+--------+


+------------------------------------------------------------+
; Minimum Propagation Delay                                  ;
+------------+--------------+-------+-------+--------+-------+
; Input Port ; Output Port  ; RR    ; RF    ; FR     ; FF    ;
+------------+--------------+-------+-------+--------+-------+
; iSelect[0] ; oDisplay1[0] ;       ; 7.424 ; 7.695  ;       ;
; iSelect[0] ; oDisplay1[2] ;       ; 7.402 ; 7.673  ;       ;
; iSelect[0] ; oDisplay1[3] ;       ; 7.627 ; 7.956  ;       ;
; iSelect[0] ; oDisplay1[5] ;       ; 7.426 ; 7.703  ;       ;
; iSelect[0] ; oDisplay1[6] ;       ; 7.325 ; 7.565  ;       ;
; iSelect[0] ; oDisplay2[0] ; 7.990 ;       ;        ; 7.834 ;
; iSelect[0] ; oDisplay2[2] ; 7.092 ;       ;        ; 7.114 ;
; iSelect[0] ; oDisplay2[3] ; 7.399 ;       ;        ; 7.344 ;
; iSelect[0] ; oDisplay2[5] ; 7.190 ;       ;        ; 7.185 ;
; iSelect[0] ; oDisplay2[6] ; 7.545 ;       ;        ; 7.456 ;
; iSelect[0] ; oDisplay3[0] ;       ; 7.199 ; 7.523  ;       ;
; iSelect[0] ; oDisplay3[2] ;       ; 7.356 ; 7.744  ;       ;
; iSelect[0] ; oDisplay3[3] ;       ; 7.125 ; 7.431  ;       ;
; iSelect[0] ; oDisplay3[5] ;       ; 7.453 ; 7.869  ;       ;
; iSelect[0] ; oDisplay3[6] ;       ; 7.287 ; 7.559  ;       ;
; iSelect[0] ; oDisplay4[0] ; 7.484 ;       ;        ; 7.507 ;
; iSelect[0] ; oDisplay4[2] ; 7.423 ;       ;        ; 7.448 ;
; iSelect[0] ; oDisplay4[3] ; 7.512 ;       ;        ; 7.431 ;
; iSelect[0] ; oDisplay4[5] ; 7.511 ;       ;        ; 7.427 ;
; iSelect[0] ; oDisplay4[6] ; 7.061 ;       ;        ; 7.082 ;
; iSelect[0] ; oDisplay5[0] ;       ; 7.406 ; 7.810  ;       ;
; iSelect[0] ; oDisplay5[2] ;       ; 7.107 ; 7.420  ;       ;
; iSelect[0] ; oDisplay5[3] ;       ; 7.407 ; 7.785  ;       ;
; iSelect[0] ; oDisplay5[5] ;       ; 7.826 ; 8.302  ;       ;
; iSelect[0] ; oDisplay5[6] ;       ; 7.548 ; 7.960  ;       ;
; iSelect[0] ; oDisplay6[0] ; 7.547 ;       ;        ; 7.521 ;
; iSelect[0] ; oDisplay6[2] ; 9.884 ;       ;        ; 9.372 ;
; iSelect[0] ; oDisplay6[3] ; 7.552 ;       ;        ; 7.539 ;
; iSelect[0] ; oDisplay6[5] ; 7.509 ;       ;        ; 7.470 ;
; iSelect[0] ; oDisplay6[6] ; 7.376 ;       ;        ; 7.376 ;
; iSelect[1] ; oDisplay1[0] ; 6.881 ;       ;        ; 6.934 ;
; iSelect[1] ; oDisplay1[2] ; 6.859 ;       ;        ; 6.912 ;
; iSelect[1] ; oDisplay1[3] ; 7.142 ;       ;        ; 7.137 ;
; iSelect[1] ; oDisplay1[5] ; 6.889 ;       ;        ; 6.936 ;
; iSelect[1] ; oDisplay1[6] ; 6.751 ;       ;        ; 6.835 ;
; iSelect[1] ; oDisplay2[0] ;       ; 7.025 ; 7.485  ;       ;
; iSelect[1] ; oDisplay2[2] ;       ; 6.305 ; 6.587  ;       ;
; iSelect[1] ; oDisplay2[3] ;       ; 6.535 ; 6.894  ;       ;
; iSelect[1] ; oDisplay2[5] ;       ; 6.376 ; 6.685  ;       ;
; iSelect[1] ; oDisplay2[6] ;       ; 6.647 ; 7.040  ;       ;
; iSelect[1] ; oDisplay3[0] ;       ; 6.538 ; 6.865  ;       ;
; iSelect[1] ; oDisplay3[2] ;       ; 6.695 ; 7.086  ;       ;
; iSelect[1] ; oDisplay3[3] ;       ; 6.464 ; 6.773  ;       ;
; iSelect[1] ; oDisplay3[5] ;       ; 6.792 ; 7.211  ;       ;
; iSelect[1] ; oDisplay3[6] ;       ; 6.626 ; 6.901  ;       ;
; iSelect[1] ; oDisplay4[0] ; 6.819 ;       ;        ; 6.875 ;
; iSelect[1] ; oDisplay4[2] ; 6.758 ;       ;        ; 6.816 ;
; iSelect[1] ; oDisplay4[3] ; 6.847 ;       ;        ; 6.799 ;
; iSelect[1] ; oDisplay4[5] ; 6.846 ;       ;        ; 6.795 ;
; iSelect[1] ; oDisplay4[6] ; 6.396 ;       ;        ; 6.450 ;
; iSelect[1] ; oDisplay5[0] ; 7.019 ;       ;        ; 6.940 ;
; iSelect[1] ; oDisplay5[2] ; 6.629 ;       ;        ; 6.641 ;
; iSelect[1] ; oDisplay5[3] ; 6.994 ;       ;        ; 6.941 ;
; iSelect[1] ; oDisplay5[5] ; 7.511 ;       ;        ; 7.360 ;
; iSelect[1] ; oDisplay5[6] ; 7.169 ;       ;        ; 7.082 ;
; iSelect[1] ; oDisplay6[0] ;       ; 6.736 ; 7.066  ;       ;
; iSelect[1] ; oDisplay6[2] ;       ; 8.587 ; 9.403  ;       ;
; iSelect[1] ; oDisplay6[3] ;       ; 6.754 ; 7.071  ;       ;
; iSelect[1] ; oDisplay6[5] ;       ; 6.685 ; 7.028  ;       ;
; iSelect[1] ; oDisplay6[6] ;       ; 6.591 ; 6.895  ;       ;
; iSelect[2] ; oDisplay1[0] ; 7.663 ;       ;        ; 7.678 ;
; iSelect[2] ; oDisplay1[2] ; 7.641 ;       ;        ; 7.656 ;
; iSelect[2] ; oDisplay1[3] ; 7.924 ;       ;        ; 7.881 ;
; iSelect[2] ; oDisplay1[5] ; 7.671 ;       ;        ; 7.680 ;
; iSelect[2] ; oDisplay1[6] ; 7.533 ;       ;        ; 7.579 ;
; iSelect[2] ; oDisplay2[0] ; 8.097 ;       ;        ; 7.944 ;
; iSelect[2] ; oDisplay2[2] ; 7.199 ;       ;        ; 7.224 ;
; iSelect[2] ; oDisplay2[3] ; 7.506 ;       ;        ; 7.454 ;
; iSelect[2] ; oDisplay2[5] ; 7.297 ;       ;        ; 7.295 ;
; iSelect[2] ; oDisplay2[6] ; 7.652 ;       ;        ; 7.566 ;
; iSelect[2] ; oDisplay3[0] ; 7.367 ;       ;        ; 7.343 ;
; iSelect[2] ; oDisplay3[2] ; 7.588 ;       ;        ; 7.500 ;
; iSelect[2] ; oDisplay3[3] ; 7.275 ;       ;        ; 7.269 ;
; iSelect[2] ; oDisplay3[5] ; 7.713 ;       ;        ; 7.597 ;
; iSelect[2] ; oDisplay3[6] ; 7.403 ;       ;        ; 7.431 ;
; iSelect[2] ; oDisplay4[0] ;       ; 7.471 ; 7.726  ;       ;
; iSelect[2] ; oDisplay4[2] ;       ; 7.412 ; 7.665  ;       ;
; iSelect[2] ; oDisplay4[3] ;       ; 7.395 ; 7.754  ;       ;
; iSelect[2] ; oDisplay4[5] ;       ; 7.391 ; 7.753  ;       ;
; iSelect[2] ; oDisplay4[6] ;       ; 7.046 ; 7.303  ;       ;
; iSelect[2] ; oDisplay5[0] ;       ; 7.391 ; 7.824  ;       ;
; iSelect[2] ; oDisplay5[2] ;       ; 7.092 ; 7.434  ;       ;
; iSelect[2] ; oDisplay5[3] ;       ; 7.392 ; 7.799  ;       ;
; iSelect[2] ; oDisplay5[5] ;       ; 7.811 ; 8.316  ;       ;
; iSelect[2] ; oDisplay5[6] ;       ; 7.533 ; 7.974  ;       ;
; iSelect[2] ; oDisplay6[0] ;       ; 7.471 ; 7.774  ;       ;
; iSelect[2] ; oDisplay6[2] ;       ; 9.322 ; 10.111 ;       ;
; iSelect[2] ; oDisplay6[3] ;       ; 7.489 ; 7.779  ;       ;
; iSelect[2] ; oDisplay6[5] ;       ; 7.420 ; 7.736  ;       ;
; iSelect[2] ; oDisplay6[6] ;       ; 7.326 ; 7.603  ;       ;
+------------+--------------+-------+-------+--------+-------+


---------------------------------------------
; Slow 1100mV 0C Model Metastability Report ;
---------------------------------------------
No synchronizer chains to report.


---------------------------------------
; Fast 1100mV 85C Model Setup Summary ;
---------------------------------------
No paths to report.


--------------------------------------
; Fast 1100mV 85C Model Hold Summary ;
--------------------------------------
No paths to report.


------------------------------------------
; Fast 1100mV 85C Model Recovery Summary ;
------------------------------------------
No paths to report.


-----------------------------------------
; Fast 1100mV 85C Model Removal Summary ;
-----------------------------------------
No paths to report.


-----------------------------------------------------
; Fast 1100mV 85C Model Minimum Pulse Width Summary ;
-----------------------------------------------------
No paths to report.


+-----------------------------------------------------------+
; Propagation Delay                                         ;
+------------+--------------+-------+-------+-------+-------+
; Input Port ; Output Port  ; RR    ; RF    ; FR    ; FF    ;
+------------+--------------+-------+-------+-------+-------+
; iSelect[0] ; oDisplay1[0] ;       ; 4.299 ; 5.007 ;       ;
; iSelect[0] ; oDisplay1[2] ;       ; 4.307 ; 5.009 ;       ;
; iSelect[0] ; oDisplay1[3] ;       ; 4.416 ; 5.187 ;       ;
; iSelect[0] ; oDisplay1[5] ;       ; 4.299 ; 5.011 ;       ;
; iSelect[0] ; oDisplay1[6] ;       ; 4.252 ; 4.927 ;       ;
; iSelect[0] ; oDisplay2[0] ; 4.936 ;       ;       ; 5.077 ;
; iSelect[0] ; oDisplay2[2] ; 4.174 ;       ;       ; 4.543 ;
; iSelect[0] ; oDisplay2[3] ; 4.441 ;       ;       ; 4.719 ;
; iSelect[0] ; oDisplay2[5] ; 4.272 ;       ;       ; 4.616 ;
; iSelect[0] ; oDisplay2[6] ; 4.536 ;       ;       ; 4.783 ;
; iSelect[0] ; oDisplay3[0] ;       ; 4.161 ; 4.890 ;       ;
; iSelect[0] ; oDisplay3[2] ;       ; 4.298 ; 5.127 ;       ;
; iSelect[0] ; oDisplay3[3] ;       ; 4.150 ; 4.889 ;       ;
; iSelect[0] ; oDisplay3[5] ;       ; 4.354 ; 5.196 ;       ;
; iSelect[0] ; oDisplay3[6] ;       ; 4.261 ; 5.008 ;       ;
; iSelect[0] ; oDisplay4[0] ; 4.523 ;       ;       ; 4.848 ;
; iSelect[0] ; oDisplay4[2] ; 4.489 ;       ;       ; 4.793 ;
; iSelect[0] ; oDisplay4[3] ; 4.584 ;       ;       ; 4.812 ;
; iSelect[0] ; oDisplay4[5] ; 4.589 ;       ;       ; 4.793 ;
; iSelect[0] ; oDisplay4[6] ; 4.196 ;       ;       ; 4.552 ;
; iSelect[0] ; oDisplay5[0] ;       ; 4.368 ; 5.217 ;       ;
; iSelect[0] ; oDisplay5[2] ;       ; 4.134 ; 4.907 ;       ;
; iSelect[0] ; oDisplay5[3] ;       ; 4.369 ; 5.219 ;       ;
; iSelect[0] ; oDisplay5[5] ;       ; 4.648 ; 5.609 ;       ;
; iSelect[0] ; oDisplay5[6] ;       ; 4.436 ; 5.306 ;       ;
; iSelect[0] ; oDisplay6[0] ; 4.562 ;       ;       ; 4.819 ;
; iSelect[0] ; oDisplay6[2] ; 6.349 ;       ;       ; 6.122 ;
; iSelect[0] ; oDisplay6[3] ; 4.542 ;       ;       ; 4.825 ;
; iSelect[0] ; oDisplay6[5] ; 4.520 ;       ;       ; 4.796 ;
; iSelect[0] ; oDisplay6[6] ; 4.419 ;       ;       ; 4.715 ;
; iSelect[1] ; oDisplay1[0] ; 4.214 ;       ;       ; 4.549 ;
; iSelect[1] ; oDisplay1[2] ; 4.216 ;       ;       ; 4.557 ;
; iSelect[1] ; oDisplay1[3] ; 4.394 ;       ;       ; 4.666 ;
; iSelect[1] ; oDisplay1[5] ; 4.218 ;       ;       ; 4.549 ;
; iSelect[1] ; oDisplay1[6] ; 4.134 ;       ;       ; 4.502 ;
; iSelect[1] ; oDisplay2[0] ;       ; 4.291 ; 5.187 ;       ;
; iSelect[1] ; oDisplay2[2] ;       ; 3.757 ; 4.425 ;       ;
; iSelect[1] ; oDisplay2[3] ;       ; 3.933 ; 4.692 ;       ;
; iSelect[1] ; oDisplay2[5] ;       ; 3.830 ; 4.523 ;       ;
; iSelect[1] ; oDisplay2[6] ;       ; 3.997 ; 4.787 ;       ;
; iSelect[1] ; oDisplay3[0] ;       ; 3.895 ; 4.611 ;       ;
; iSelect[1] ; oDisplay3[2] ;       ; 4.032 ; 4.848 ;       ;
; iSelect[1] ; oDisplay3[3] ;       ; 3.884 ; 4.610 ;       ;
; iSelect[1] ; oDisplay3[5] ;       ; 4.088 ; 4.917 ;       ;
; iSelect[1] ; oDisplay3[6] ;       ; 3.995 ; 4.729 ;       ;
; iSelect[1] ; oDisplay4[0] ; 4.257 ;       ;       ; 4.581 ;
; iSelect[1] ; oDisplay4[2] ; 4.223 ;       ;       ; 4.526 ;
; iSelect[1] ; oDisplay4[3] ; 4.318 ;       ;       ; 4.545 ;
; iSelect[1] ; oDisplay4[5] ; 4.323 ;       ;       ; 4.526 ;
; iSelect[1] ; oDisplay4[6] ; 3.930 ;       ;       ; 4.285 ;
; iSelect[1] ; oDisplay5[0] ; 4.448 ;       ;       ; 4.643 ;
; iSelect[1] ; oDisplay5[2] ; 4.138 ;       ;       ; 4.409 ;
; iSelect[1] ; oDisplay5[3] ; 4.450 ;       ;       ; 4.644 ;
; iSelect[1] ; oDisplay5[5] ; 4.840 ;       ;       ; 4.923 ;
; iSelect[1] ; oDisplay5[6] ; 4.537 ;       ;       ; 4.711 ;
; iSelect[1] ; oDisplay6[0] ;       ; 4.056 ; 4.838 ;       ;
; iSelect[1] ; oDisplay6[2] ;       ; 5.359 ; 6.625 ;       ;
; iSelect[1] ; oDisplay6[3] ;       ; 4.062 ; 4.818 ;       ;
; iSelect[1] ; oDisplay6[5] ;       ; 4.033 ; 4.796 ;       ;
; iSelect[1] ; oDisplay6[6] ;       ; 3.952 ; 4.695 ;       ;
; iSelect[2] ; oDisplay1[0] ; 4.550 ;       ;       ; 4.887 ;
; iSelect[2] ; oDisplay1[2] ; 4.552 ;       ;       ; 4.895 ;
; iSelect[2] ; oDisplay1[3] ; 4.730 ;       ;       ; 5.004 ;
; iSelect[2] ; oDisplay1[5] ; 4.554 ;       ;       ; 4.887 ;
; iSelect[2] ; oDisplay1[6] ; 4.470 ;       ;       ; 4.840 ;
; iSelect[2] ; oDisplay2[0] ; 5.001 ;       ;       ; 5.141 ;
; iSelect[2] ; oDisplay2[2] ; 4.239 ;       ;       ; 4.607 ;
; iSelect[2] ; oDisplay2[3] ; 4.506 ;       ;       ; 4.783 ;
; iSelect[2] ; oDisplay2[5] ; 4.337 ;       ;       ; 4.680 ;
; iSelect[2] ; oDisplay2[6] ; 4.601 ;       ;       ; 4.847 ;
; iSelect[2] ; oDisplay3[0] ; 4.415 ;       ;       ; 4.711 ;
; iSelect[2] ; oDisplay3[2] ; 4.652 ;       ;       ; 4.848 ;
; iSelect[2] ; oDisplay3[3] ; 4.414 ;       ;       ; 4.700 ;
; iSelect[2] ; oDisplay3[5] ; 4.721 ;       ;       ; 4.904 ;
; iSelect[2] ; oDisplay3[6] ; 4.533 ;       ;       ; 4.811 ;
; iSelect[2] ; oDisplay4[0] ;       ; 4.391 ; 5.112 ;       ;
; iSelect[2] ; oDisplay4[2] ;       ; 4.336 ; 5.078 ;       ;
; iSelect[2] ; oDisplay4[3] ;       ; 4.355 ; 5.173 ;       ;
; iSelect[2] ; oDisplay4[5] ;       ; 4.336 ; 5.178 ;       ;
; iSelect[2] ; oDisplay4[6] ;       ; 4.095 ; 4.785 ;       ;
; iSelect[2] ; oDisplay5[0] ;       ; 4.383 ; 5.266 ;       ;
; iSelect[2] ; oDisplay5[2] ;       ; 4.149 ; 4.956 ;       ;
; iSelect[2] ; oDisplay5[3] ;       ; 4.384 ; 5.268 ;       ;
; iSelect[2] ; oDisplay5[5] ;       ; 4.663 ; 5.658 ;       ;
; iSelect[2] ; oDisplay5[6] ;       ; 4.451 ; 5.355 ;       ;
; iSelect[2] ; oDisplay6[0] ;       ; 4.347 ; 5.134 ;       ;
; iSelect[2] ; oDisplay6[2] ;       ; 5.650 ; 6.921 ;       ;
; iSelect[2] ; oDisplay6[3] ;       ; 4.353 ; 5.114 ;       ;
; iSelect[2] ; oDisplay6[5] ;       ; 4.324 ; 5.092 ;       ;
; iSelect[2] ; oDisplay6[6] ;       ; 4.243 ; 4.991 ;       ;
+------------+--------------+-------+-------+-------+-------+


+-----------------------------------------------------------+
; Minimum Propagation Delay                                 ;
+------------+--------------+-------+-------+-------+-------+
; Input Port ; Output Port  ; RR    ; RF    ; FR    ; FF    ;
+------------+--------------+-------+-------+-------+-------+
; iSelect[0] ; oDisplay1[0] ;       ; 3.981 ; 4.638 ;       ;
; iSelect[0] ; oDisplay1[2] ;       ; 3.988 ; 4.640 ;       ;
; iSelect[0] ; oDisplay1[3] ;       ; 4.080 ; 4.781 ;       ;
; iSelect[0] ; oDisplay1[5] ;       ; 3.980 ; 4.641 ;       ;
; iSelect[0] ; oDisplay1[6] ;       ; 3.943 ; 4.572 ;       ;
; iSelect[0] ; oDisplay2[0] ; 4.493 ;       ;       ; 4.672 ;
; iSelect[0] ; oDisplay2[2] ; 3.886 ;       ;       ; 4.212 ;
; iSelect[0] ; oDisplay2[3] ; 4.091 ;       ;       ; 4.357 ;
; iSelect[0] ; oDisplay2[5] ; 3.973 ;       ;       ; 4.277 ;
; iSelect[0] ; oDisplay2[6] ; 4.181 ;       ;       ; 4.418 ;
; iSelect[0] ; oDisplay3[0] ;       ; 3.864 ; 4.543 ;       ;
; iSelect[0] ; oDisplay3[2] ;       ; 3.963 ; 4.700 ;       ;
; iSelect[0] ; oDisplay3[3] ;       ; 3.836 ; 4.506 ;       ;
; iSelect[0] ; oDisplay3[5] ;       ; 4.019 ; 4.770 ;       ;
; iSelect[0] ; oDisplay3[6] ;       ; 3.936 ; 4.611 ;       ;
; iSelect[0] ; oDisplay4[0] ; 4.170 ;       ;       ; 4.478 ;
; iSelect[0] ; oDisplay4[2] ; 4.138 ;       ;       ; 4.426 ;
; iSelect[0] ; oDisplay4[3] ; 4.190 ;       ;       ; 4.433 ;
; iSelect[0] ; oDisplay4[5] ; 4.195 ;       ;       ; 4.413 ;
; iSelect[0] ; oDisplay4[6] ; 3.896 ;       ;       ; 4.214 ;
; iSelect[0] ; oDisplay5[0] ;       ; 4.030 ; 4.770 ;       ;
; iSelect[0] ; oDisplay5[2] ;       ; 3.821 ; 4.521 ;       ;
; iSelect[0] ; oDisplay5[3] ;       ; 4.021 ; 4.756 ;       ;
; iSelect[0] ; oDisplay5[5] ;       ; 4.268 ; 5.080 ;       ;
; iSelect[0] ; oDisplay5[6] ;       ; 4.088 ; 4.843 ;       ;
; iSelect[0] ; oDisplay6[0] ; 4.207 ;       ;       ; 4.454 ;
; iSelect[0] ; oDisplay6[2] ; 5.777 ;       ;       ; 5.637 ;
; iSelect[0] ; oDisplay6[3] ; 4.181 ;       ;       ; 4.455 ;
; iSelect[0] ; oDisplay6[5] ; 4.174 ;       ;       ; 4.437 ;
; iSelect[0] ; oDisplay6[6] ; 4.098 ;       ;       ; 4.366 ;
; iSelect[1] ; oDisplay1[0] ; 3.910 ;       ;       ; 4.218 ;
; iSelect[1] ; oDisplay1[2] ; 3.912 ;       ;       ; 4.225 ;
; iSelect[1] ; oDisplay1[3] ; 4.053 ;       ;       ; 4.317 ;
; iSelect[1] ; oDisplay1[5] ; 3.913 ;       ;       ; 4.217 ;
; iSelect[1] ; oDisplay1[6] ; 3.844 ;       ;       ; 4.180 ;
; iSelect[1] ; oDisplay2[0] ;       ; 3.956 ; 4.724 ;       ;
; iSelect[1] ; oDisplay2[2] ;       ; 3.496 ; 4.117 ;       ;
; iSelect[1] ; oDisplay2[3] ;       ; 3.641 ; 4.322 ;       ;
; iSelect[1] ; oDisplay2[5] ;       ; 3.561 ; 4.204 ;       ;
; iSelect[1] ; oDisplay2[6] ;       ; 3.702 ; 4.412 ;       ;
; iSelect[1] ; oDisplay3[0] ;       ; 3.626 ; 4.286 ;       ;
; iSelect[1] ; oDisplay3[2] ;       ; 3.725 ; 4.443 ;       ;
; iSelect[1] ; oDisplay3[3] ;       ; 3.598 ; 4.249 ;       ;
; iSelect[1] ; oDisplay3[5] ;       ; 3.781 ; 4.513 ;       ;
; iSelect[1] ; oDisplay3[6] ;       ; 3.698 ; 4.354 ;       ;
; iSelect[1] ; oDisplay4[0] ; 3.926 ;       ;       ; 4.238 ;
; iSelect[1] ; oDisplay4[2] ; 3.894 ;       ;       ; 4.186 ;
; iSelect[1] ; oDisplay4[3] ; 3.946 ;       ;       ; 4.193 ;
; iSelect[1] ; oDisplay4[5] ; 3.951 ;       ;       ; 4.173 ;
; iSelect[1] ; oDisplay4[6] ; 3.652 ;       ;       ; 3.974 ;
; iSelect[1] ; oDisplay5[0] ; 4.061 ;       ;       ; 4.288 ;
; iSelect[1] ; oDisplay5[2] ; 3.812 ;       ;       ; 4.079 ;
; iSelect[1] ; oDisplay5[3] ; 4.047 ;       ;       ; 4.279 ;
; iSelect[1] ; oDisplay5[5] ; 4.371 ;       ;       ; 4.526 ;
; iSelect[1] ; oDisplay5[6] ; 4.134 ;       ;       ; 4.346 ;
; iSelect[1] ; oDisplay6[0] ;       ; 3.757 ; 4.459 ;       ;
; iSelect[1] ; oDisplay6[2] ;       ; 4.940 ; 6.029 ;       ;
; iSelect[1] ; oDisplay6[3] ;       ; 3.758 ; 4.433 ;       ;
; iSelect[1] ; oDisplay6[5] ;       ; 3.740 ; 4.426 ;       ;
; iSelect[1] ; oDisplay6[6] ;       ; 3.669 ; 4.350 ;       ;
; iSelect[2] ; oDisplay1[0] ; 4.223 ;       ;       ; 4.530 ;
; iSelect[2] ; oDisplay1[2] ; 4.225 ;       ;       ; 4.537 ;
; iSelect[2] ; oDisplay1[3] ; 4.366 ;       ;       ; 4.629 ;
; iSelect[2] ; oDisplay1[5] ; 4.226 ;       ;       ; 4.529 ;
; iSelect[2] ; oDisplay1[6] ; 4.157 ;       ;       ; 4.492 ;
; iSelect[2] ; oDisplay2[0] ; 4.558 ;       ;       ; 4.740 ;
; iSelect[2] ; oDisplay2[2] ; 3.951 ;       ;       ; 4.280 ;
; iSelect[2] ; oDisplay2[3] ; 4.156 ;       ;       ; 4.425 ;
; iSelect[2] ; oDisplay2[5] ; 4.038 ;       ;       ; 4.345 ;
; iSelect[2] ; oDisplay2[6] ; 4.246 ;       ;       ; 4.486 ;
; iSelect[2] ; oDisplay3[0] ; 4.089 ;       ;       ; 4.389 ;
; iSelect[2] ; oDisplay3[2] ; 4.246 ;       ;       ; 4.488 ;
; iSelect[2] ; oDisplay3[3] ; 4.052 ;       ;       ; 4.361 ;
; iSelect[2] ; oDisplay3[5] ; 4.316 ;       ;       ; 4.544 ;
; iSelect[2] ; oDisplay3[6] ; 4.157 ;       ;       ; 4.461 ;
; iSelect[2] ; oDisplay4[0] ;       ; 4.061 ; 4.716 ;       ;
; iSelect[2] ; oDisplay4[2] ;       ; 4.009 ; 4.684 ;       ;
; iSelect[2] ; oDisplay4[3] ;       ; 4.016 ; 4.736 ;       ;
; iSelect[2] ; oDisplay4[5] ;       ; 3.996 ; 4.741 ;       ;
; iSelect[2] ; oDisplay4[6] ;       ; 3.797 ; 4.442 ;       ;
; iSelect[2] ; oDisplay5[0] ;       ; 4.056 ; 4.796 ;       ;
; iSelect[2] ; oDisplay5[2] ;       ; 3.847 ; 4.547 ;       ;
; iSelect[2] ; oDisplay5[3] ;       ; 4.047 ; 4.782 ;       ;
; iSelect[2] ; oDisplay5[5] ;       ; 4.294 ; 5.106 ;       ;
; iSelect[2] ; oDisplay5[6] ;       ; 4.114 ; 4.869 ;       ;
; iSelect[2] ; oDisplay6[0] ;       ; 4.023 ; 4.737 ;       ;
; iSelect[2] ; oDisplay6[2] ;       ; 5.206 ; 6.307 ;       ;
; iSelect[2] ; oDisplay6[3] ;       ; 4.024 ; 4.711 ;       ;
; iSelect[2] ; oDisplay6[5] ;       ; 4.006 ; 4.704 ;       ;
; iSelect[2] ; oDisplay6[6] ;       ; 3.935 ; 4.628 ;       ;
+------------+--------------+-------+-------+-------+-------+


----------------------------------------------
; Fast 1100mV 85C Model Metastability Report ;
----------------------------------------------
No synchronizer chains to report.


--------------------------------------
; Fast 1100mV 0C Model Setup Summary ;
--------------------------------------
No paths to report.


-------------------------------------
; Fast 1100mV 0C Model Hold Summary ;
-------------------------------------
No paths to report.


-----------------------------------------
; Fast 1100mV 0C Model Recovery Summary ;
-----------------------------------------
No paths to report.


----------------------------------------
; Fast 1100mV 0C Model Removal Summary ;
----------------------------------------
No paths to report.


----------------------------------------------------
; Fast 1100mV 0C Model Minimum Pulse Width Summary ;
----------------------------------------------------
No paths to report.


+-----------------------------------------------------------+
; Propagation Delay                                         ;
+------------+--------------+-------+-------+-------+-------+
; Input Port ; Output Port  ; RR    ; RF    ; FR    ; FF    ;
+------------+--------------+-------+-------+-------+-------+
; iSelect[0] ; oDisplay1[0] ;       ; 4.101 ; 4.754 ;       ;
; iSelect[0] ; oDisplay1[2] ;       ; 4.095 ; 4.747 ;       ;
; iSelect[0] ; oDisplay1[3] ;       ; 4.201 ; 4.915 ;       ;
; iSelect[0] ; oDisplay1[5] ;       ; 4.101 ; 4.757 ;       ;
; iSelect[0] ; oDisplay1[6] ;       ; 4.037 ; 4.665 ;       ;
; iSelect[0] ; oDisplay2[0] ; 4.648 ;       ;       ; 4.861 ;
; iSelect[0] ; oDisplay2[2] ; 3.951 ;       ;       ; 4.364 ;
; iSelect[0] ; oDisplay2[3] ; 4.202 ;       ;       ; 4.538 ;
; iSelect[0] ; oDisplay2[5] ; 4.037 ;       ;       ; 4.427 ;
; iSelect[0] ; oDisplay2[6] ; 4.285 ;       ;       ; 4.594 ;
; iSelect[0] ; oDisplay3[0] ;       ; 3.983 ; 4.644 ;       ;
; iSelect[0] ; oDisplay3[2] ;       ; 4.074 ; 4.840 ;       ;
; iSelect[0] ; oDisplay3[3] ;       ; 3.939 ; 4.627 ;       ;
; iSelect[0] ; oDisplay3[5] ;       ; 4.142 ; 4.905 ;       ;
; iSelect[0] ; oDisplay3[6] ;       ; 4.049 ; 4.751 ;       ;
; iSelect[0] ; oDisplay4[0] ; 4.262 ;       ;       ; 4.614 ;
; iSelect[0] ; oDisplay4[2] ; 4.230 ;       ;       ; 4.557 ;
; iSelect[0] ; oDisplay4[3] ; 4.323 ;       ;       ; 4.599 ;
; iSelect[0] ; oDisplay4[5] ; 4.328 ;       ;       ; 4.575 ;
; iSelect[0] ; oDisplay4[6] ; 3.965 ;       ;       ; 4.351 ;
; iSelect[0] ; oDisplay5[0] ;       ; 4.144 ; 4.925 ;       ;
; iSelect[0] ; oDisplay5[2] ;       ; 3.922 ; 4.644 ;       ;
; iSelect[0] ; oDisplay5[3] ;       ; 4.155 ; 4.935 ;       ;
; iSelect[0] ; oDisplay5[5] ;       ; 4.413 ; 5.292 ;       ;
; iSelect[0] ; oDisplay5[6] ;       ; 4.250 ; 5.029 ;       ;
; iSelect[0] ; oDisplay6[0] ; 4.293 ;       ;       ; 4.577 ;
; iSelect[0] ; oDisplay6[2] ; 5.965 ;       ;       ; 5.844 ;
; iSelect[0] ; oDisplay6[3] ; 4.272 ;       ;       ; 4.586 ;
; iSelect[0] ; oDisplay6[5] ; 4.246 ;       ;       ; 4.554 ;
; iSelect[0] ; oDisplay6[6] ; 4.161 ;       ;       ; 4.479 ;
; iSelect[1] ; oDisplay1[0] ; 3.961 ;       ;       ; 4.337 ;
; iSelect[1] ; oDisplay1[2] ; 3.954 ;       ;       ; 4.331 ;
; iSelect[1] ; oDisplay1[3] ; 4.122 ;       ;       ; 4.437 ;
; iSelect[1] ; oDisplay1[5] ; 3.964 ;       ;       ; 4.337 ;
; iSelect[1] ; oDisplay1[6] ; 3.872 ;       ;       ; 4.273 ;
; iSelect[1] ; oDisplay2[0] ;       ; 4.072 ; 4.884 ;       ;
; iSelect[1] ; oDisplay2[2] ;       ; 3.575 ; 4.187 ;       ;
; iSelect[1] ; oDisplay2[3] ;       ; 3.749 ; 4.438 ;       ;
; iSelect[1] ; oDisplay2[5] ;       ; 3.638 ; 4.273 ;       ;
; iSelect[1] ; oDisplay2[6] ;       ; 3.805 ; 4.521 ;       ;
; iSelect[1] ; oDisplay3[0] ;       ; 3.707 ; 4.360 ;       ;
; iSelect[1] ; oDisplay3[2] ;       ; 3.798 ; 4.556 ;       ;
; iSelect[1] ; oDisplay3[3] ;       ; 3.663 ; 4.343 ;       ;
; iSelect[1] ; oDisplay3[5] ;       ; 3.866 ; 4.621 ;       ;
; iSelect[1] ; oDisplay3[6] ;       ; 3.773 ; 4.467 ;       ;
; iSelect[1] ; oDisplay4[0] ; 3.986 ;       ;       ; 4.342 ;
; iSelect[1] ; oDisplay4[2] ; 3.954 ;       ;       ; 4.285 ;
; iSelect[1] ; oDisplay4[3] ; 4.047 ;       ;       ; 4.327 ;
; iSelect[1] ; oDisplay4[5] ; 4.052 ;       ;       ; 4.303 ;
; iSelect[1] ; oDisplay4[6] ; 3.689 ;       ;       ; 4.079 ;
; iSelect[1] ; oDisplay5[0] ; 4.155 ;       ;       ; 4.404 ;
; iSelect[1] ; oDisplay5[2] ; 3.874 ;       ;       ; 4.182 ;
; iSelect[1] ; oDisplay5[3] ; 4.165 ;       ;       ; 4.415 ;
; iSelect[1] ; oDisplay5[5] ; 4.522 ;       ;       ; 4.673 ;
; iSelect[1] ; oDisplay5[6] ; 4.259 ;       ;       ; 4.510 ;
; iSelect[1] ; oDisplay6[0] ;       ; 3.811 ; 4.553 ;       ;
; iSelect[1] ; oDisplay6[2] ;       ; 5.078 ; 6.225 ;       ;
; iSelect[1] ; oDisplay6[3] ;       ; 3.820 ; 4.532 ;       ;
; iSelect[1] ; oDisplay6[5] ;       ; 3.788 ; 4.506 ;       ;
; iSelect[1] ; oDisplay6[6] ;       ; 3.713 ; 4.421 ;       ;
; iSelect[2] ; oDisplay1[0] ; 4.305 ;       ;       ; 4.677 ;
; iSelect[2] ; oDisplay1[2] ; 4.298 ;       ;       ; 4.671 ;
; iSelect[2] ; oDisplay1[3] ; 4.466 ;       ;       ; 4.777 ;
; iSelect[2] ; oDisplay1[5] ; 4.308 ;       ;       ; 4.677 ;
; iSelect[2] ; oDisplay1[6] ; 4.216 ;       ;       ; 4.613 ;
; iSelect[2] ; oDisplay2[0] ; 4.713 ;       ;       ; 4.922 ;
; iSelect[2] ; oDisplay2[2] ; 4.016 ;       ;       ; 4.425 ;
; iSelect[2] ; oDisplay2[3] ; 4.267 ;       ;       ; 4.599 ;
; iSelect[2] ; oDisplay2[5] ; 4.102 ;       ;       ; 4.488 ;
; iSelect[2] ; oDisplay2[6] ; 4.350 ;       ;       ; 4.655 ;
; iSelect[2] ; oDisplay3[0] ; 4.177 ;       ;       ; 4.522 ;
; iSelect[2] ; oDisplay3[2] ; 4.373 ;       ;       ; 4.613 ;
; iSelect[2] ; oDisplay3[3] ; 4.160 ;       ;       ; 4.478 ;
; iSelect[2] ; oDisplay3[5] ; 4.438 ;       ;       ; 4.681 ;
; iSelect[2] ; oDisplay3[6] ; 4.284 ;       ;       ; 4.588 ;
; iSelect[2] ; oDisplay4[0] ;       ; 4.166 ; 4.839 ;       ;
; iSelect[2] ; oDisplay4[2] ;       ; 4.109 ; 4.807 ;       ;
; iSelect[2] ; oDisplay4[3] ;       ; 4.151 ; 4.900 ;       ;
; iSelect[2] ; oDisplay4[5] ;       ; 4.127 ; 4.905 ;       ;
; iSelect[2] ; oDisplay4[6] ;       ; 3.903 ; 4.542 ;       ;
; iSelect[2] ; oDisplay5[0] ;       ; 4.156 ; 4.973 ;       ;
; iSelect[2] ; oDisplay5[2] ;       ; 3.934 ; 4.692 ;       ;
; iSelect[2] ; oDisplay5[3] ;       ; 4.167 ; 4.983 ;       ;
; iSelect[2] ; oDisplay5[5] ;       ; 4.425 ; 5.340 ;       ;
; iSelect[2] ; oDisplay5[6] ;       ; 4.262 ; 5.077 ;       ;
; iSelect[2] ; oDisplay6[0] ;       ; 4.112 ; 4.852 ;       ;
; iSelect[2] ; oDisplay6[2] ;       ; 5.379 ; 6.524 ;       ;
; iSelect[2] ; oDisplay6[3] ;       ; 4.121 ; 4.831 ;       ;
; iSelect[2] ; oDisplay6[5] ;       ; 4.089 ; 4.805 ;       ;
; iSelect[2] ; oDisplay6[6] ;       ; 4.014 ; 4.720 ;       ;
+------------+--------------+-------+-------+-------+-------+


+-----------------------------------------------------------+
; Minimum Propagation Delay                                 ;
+------------+--------------+-------+-------+-------+-------+
; Input Port ; Output Port  ; RR    ; RF    ; FR    ; FF    ;
+------------+--------------+-------+-------+-------+-------+
; iSelect[0] ; oDisplay1[0] ;       ; 3.792 ; 4.400 ;       ;
; iSelect[0] ; oDisplay1[2] ;       ; 3.786 ; 4.392 ;       ;
; iSelect[0] ; oDisplay1[3] ;       ; 3.876 ; 4.531 ;       ;
; iSelect[0] ; oDisplay1[5] ;       ; 3.791 ; 4.401 ;       ;
; iSelect[0] ; oDisplay1[6] ;       ; 3.736 ; 4.323 ;       ;
; iSelect[0] ; oDisplay2[0] ; 4.229 ;       ;       ; 4.471 ;
; iSelect[0] ; oDisplay2[2] ; 3.669 ;       ;       ; 4.045 ;
; iSelect[0] ; oDisplay2[3] ; 3.864 ;       ;       ; 4.189 ;
; iSelect[0] ; oDisplay2[5] ; 3.745 ;       ;       ; 4.102 ;
; iSelect[0] ; oDisplay2[6] ; 3.942 ;       ;       ; 4.242 ;
; iSelect[0] ; oDisplay3[0] ;       ; 3.693 ; 4.310 ;       ;
; iSelect[0] ; oDisplay3[2] ;       ; 3.749 ; 4.445 ;       ;
; iSelect[0] ; oDisplay3[3] ;       ; 3.633 ; 4.267 ;       ;
; iSelect[0] ; oDisplay3[5] ;       ; 3.818 ; 4.511 ;       ;
; iSelect[0] ; oDisplay3[6] ;       ; 3.731 ; 4.374 ;       ;
; iSelect[0] ; oDisplay4[0] ; 3.920 ;       ;       ; 4.257 ;
; iSelect[0] ; oDisplay4[2] ; 3.891 ;       ;       ; 4.202 ;
; iSelect[0] ; oDisplay4[3] ; 3.951 ;       ;       ; 4.232 ;
; iSelect[0] ; oDisplay4[5] ; 3.957 ;       ;       ; 4.209 ;
; iSelect[0] ; oDisplay4[6] ; 3.672 ;       ;       ; 4.024 ;
; iSelect[0] ; oDisplay5[0] ;       ; 3.814 ; 4.518 ;       ;
; iSelect[0] ; oDisplay5[2] ;       ; 3.616 ; 4.283 ;       ;
; iSelect[0] ; oDisplay5[3] ;       ; 3.814 ; 4.500 ;       ;
; iSelect[0] ; oDisplay5[5] ;       ; 4.043 ; 4.806 ;       ;
; iSelect[0] ; oDisplay5[6] ;       ; 3.908 ; 4.594 ;       ;
; iSelect[0] ; oDisplay6[0] ; 3.959 ;       ;       ; 4.227 ;
; iSelect[0] ; oDisplay6[2] ; 5.419 ;       ;       ; 5.378 ;
; iSelect[0] ; oDisplay6[3] ; 3.933 ;       ;       ; 4.231 ;
; iSelect[0] ; oDisplay6[5] ; 3.919 ;       ;       ; 4.209 ;
; iSelect[0] ; oDisplay6[6] ; 3.852 ;       ;       ; 4.143 ;
; iSelect[1] ; oDisplay1[0] ; 3.665 ;       ;       ; 4.019 ;
; iSelect[1] ; oDisplay1[2] ; 3.657 ;       ;       ; 4.013 ;
; iSelect[1] ; oDisplay1[3] ; 3.796 ;       ;       ; 4.103 ;
; iSelect[1] ; oDisplay1[5] ; 3.666 ;       ;       ; 4.018 ;
; iSelect[1] ; oDisplay1[6] ; 3.588 ;       ;       ; 3.963 ;
; iSelect[1] ; oDisplay2[0] ;       ; 3.745 ; 4.450 ;       ;
; iSelect[1] ; oDisplay2[2] ;       ; 3.319 ; 3.890 ;       ;
; iSelect[1] ; oDisplay2[3] ;       ; 3.463 ; 4.085 ;       ;
; iSelect[1] ; oDisplay2[5] ;       ; 3.376 ; 3.966 ;       ;
; iSelect[1] ; oDisplay2[6] ;       ; 3.516 ; 4.163 ;       ;
; iSelect[1] ; oDisplay3[0] ;       ; 3.444 ; 4.048 ;       ;
; iSelect[1] ; oDisplay3[2] ;       ; 3.500 ; 4.183 ;       ;
; iSelect[1] ; oDisplay3[3] ;       ; 3.384 ; 4.005 ;       ;
; iSelect[1] ; oDisplay3[5] ;       ; 3.569 ; 4.249 ;       ;
; iSelect[1] ; oDisplay3[6] ;       ; 3.482 ; 4.112 ;       ;
; iSelect[1] ; oDisplay4[0] ; 3.665 ;       ;       ; 4.010 ;
; iSelect[1] ; oDisplay4[2] ; 3.636 ;       ;       ; 3.955 ;
; iSelect[1] ; oDisplay4[3] ; 3.696 ;       ;       ; 3.985 ;
; iSelect[1] ; oDisplay4[5] ; 3.702 ;       ;       ; 3.962 ;
; iSelect[1] ; oDisplay4[6] ; 3.417 ;       ;       ; 3.777 ;
; iSelect[1] ; oDisplay5[0] ; 3.803 ;       ;       ; 4.061 ;
; iSelect[1] ; oDisplay5[2] ; 3.568 ;       ;       ; 3.863 ;
; iSelect[1] ; oDisplay5[3] ; 3.785 ;       ;       ; 4.061 ;
; iSelect[1] ; oDisplay5[5] ; 4.091 ;       ;       ; 4.290 ;
; iSelect[1] ; oDisplay5[6] ; 3.879 ;       ;       ; 4.155 ;
; iSelect[1] ; oDisplay6[0] ;       ; 3.521 ; 4.202 ;       ;
; iSelect[1] ; oDisplay6[2] ;       ; 4.672 ; 5.662 ;       ;
; iSelect[1] ; oDisplay6[3] ;       ; 3.525 ; 4.176 ;       ;
; iSelect[1] ; oDisplay6[5] ;       ; 3.503 ; 4.162 ;       ;
; iSelect[1] ; oDisplay6[6] ;       ; 3.437 ; 4.095 ;       ;
; iSelect[2] ; oDisplay1[0] ; 3.989 ;       ;       ; 4.335 ;
; iSelect[2] ; oDisplay1[2] ; 3.981 ;       ;       ; 4.329 ;
; iSelect[2] ; oDisplay1[3] ; 4.120 ;       ;       ; 4.419 ;
; iSelect[2] ; oDisplay1[5] ; 3.990 ;       ;       ; 4.334 ;
; iSelect[2] ; oDisplay1[6] ; 3.912 ;       ;       ; 4.279 ;
; iSelect[2] ; oDisplay2[0] ; 4.295 ;       ;       ; 4.534 ;
; iSelect[2] ; oDisplay2[2] ; 3.735 ;       ;       ; 4.108 ;
; iSelect[2] ; oDisplay2[3] ; 3.930 ;       ;       ; 4.252 ;
; iSelect[2] ; oDisplay2[5] ; 3.811 ;       ;       ; 4.165 ;
; iSelect[2] ; oDisplay2[6] ; 4.008 ;       ;       ; 4.305 ;
; iSelect[2] ; oDisplay3[0] ; 3.860 ;       ;       ; 4.213 ;
; iSelect[2] ; oDisplay3[2] ; 3.995 ;       ;       ; 4.269 ;
; iSelect[2] ; oDisplay3[3] ; 3.817 ;       ;       ; 4.153 ;
; iSelect[2] ; oDisplay3[5] ; 4.061 ;       ;       ; 4.338 ;
; iSelect[2] ; oDisplay3[6] ; 3.924 ;       ;       ; 4.251 ;
; iSelect[2] ; oDisplay4[0] ;       ; 3.844 ; 4.459 ;       ;
; iSelect[2] ; oDisplay4[2] ;       ; 3.789 ; 4.430 ;       ;
; iSelect[2] ; oDisplay4[3] ;       ; 3.819 ; 4.490 ;       ;
; iSelect[2] ; oDisplay4[5] ;       ; 3.796 ; 4.496 ;       ;
; iSelect[2] ; oDisplay4[6] ;       ; 3.611 ; 4.211 ;       ;
; iSelect[2] ; oDisplay5[0] ;       ; 3.837 ; 4.544 ;       ;
; iSelect[2] ; oDisplay5[2] ;       ; 3.639 ; 4.309 ;       ;
; iSelect[2] ; oDisplay5[3] ;       ; 3.837 ; 4.526 ;       ;
; iSelect[2] ; oDisplay5[5] ;       ; 4.066 ; 4.832 ;       ;
; iSelect[2] ; oDisplay5[6] ;       ; 3.931 ; 4.620 ;       ;
; iSelect[2] ; oDisplay6[0] ;       ; 3.799 ; 4.481 ;       ;
; iSelect[2] ; oDisplay6[2] ;       ; 4.950 ; 5.941 ;       ;
; iSelect[2] ; oDisplay6[3] ;       ; 3.803 ; 4.455 ;       ;
; iSelect[2] ; oDisplay6[5] ;       ; 3.781 ; 4.441 ;       ;
; iSelect[2] ; oDisplay6[6] ;       ; 3.715 ; 4.374 ;       ;
+------------+--------------+-------+-------+-------+-------+


---------------------------------------------
; Fast 1100mV 0C Model Metastability Report ;
---------------------------------------------
No synchronizer chains to report.


+----------------------------------------------------------------------------+
; Multicorner Timing Analysis Summary                                        ;
+------------------+-------+------+----------+---------+---------------------+
; Clock            ; Setup ; Hold ; Recovery ; Removal ; Minimum Pulse Width ;
+------------------+-------+------+----------+---------+---------------------+
; Worst-case Slack ; N/A   ; N/A  ; N/A      ; N/A     ; N/A                 ;
; Design-wide TNS  ; 0.0   ; 0.0  ; 0.0      ; 0.0     ; 0.0                 ;
+------------------+-------+------+----------+---------+---------------------+


+---------------------------------------------------------------+
; Propagation Delay                                             ;
+------------+--------------+--------+--------+--------+--------+
; Input Port ; Output Port  ; RR     ; RF     ; FR     ; FF     ;
+------------+--------------+--------+--------+--------+--------+
; iSelect[0] ; oDisplay1[0] ;        ; 8.301  ; 8.580  ;        ;
; iSelect[0] ; oDisplay1[2] ;        ; 8.284  ; 8.560  ;        ;
; iSelect[0] ; oDisplay1[3] ;        ; 8.570  ; 8.913  ;        ;
; iSelect[0] ; oDisplay1[5] ;        ; 8.305  ; 8.590  ;        ;
; iSelect[0] ; oDisplay1[6] ;        ; 8.195  ; 8.428  ;        ;
; iSelect[0] ; oDisplay2[0] ; 8.996  ;        ;        ; 8.823  ;
; iSelect[0] ; oDisplay2[2] ; 7.862  ;        ;        ; 7.955  ;
; iSelect[0] ; oDisplay2[3] ; 8.250  ;        ;        ; 8.229  ;
; iSelect[0] ; oDisplay2[5] ; 7.968  ;        ;        ; 8.032  ;
; iSelect[0] ; oDisplay2[6] ; 8.412  ;        ;        ; 8.362  ;
; iSelect[0] ; oDisplay3[0] ;        ; 8.015  ; 8.355  ;        ;
; iSelect[0] ; oDisplay3[2] ;        ; 8.267  ; 8.725  ;        ;
; iSelect[0] ; oDisplay3[3] ;        ; 7.974  ; 8.330  ;        ;
; iSelect[0] ; oDisplay3[5] ;        ; 8.380  ; 8.845  ;        ;
; iSelect[0] ; oDisplay3[6] ;        ; 8.129  ; 8.467  ;        ;
; iSelect[0] ; oDisplay4[0] ; 8.358  ;        ;        ; 8.415  ;
; iSelect[0] ; oDisplay4[2] ; 8.291  ;        ;        ; 8.346  ;
; iSelect[0] ; oDisplay4[3] ; 8.427  ;        ;        ; 8.338  ;
; iSelect[0] ; oDisplay4[5] ; 8.425  ;        ;        ; 8.328  ;
; iSelect[0] ; oDisplay4[6] ; 7.843  ;        ;        ; 7.911  ;
; iSelect[0] ; oDisplay5[0] ;        ; 8.314  ; 8.795  ;        ;
; iSelect[0] ; oDisplay5[2] ;        ; 7.944  ; 8.323  ;        ;
; iSelect[0] ; oDisplay5[3] ;        ; 8.296  ; 8.794  ;        ;
; iSelect[0] ; oDisplay5[5] ;        ; 8.817  ; 9.428  ;        ;
; iSelect[0] ; oDisplay5[6] ;        ; 8.454  ; 8.962  ;        ;
; iSelect[0] ; oDisplay6[0] ; 8.441  ;        ;        ; 8.455  ;
; iSelect[0] ; oDisplay6[2] ; 11.093 ;        ;        ; 10.546 ;
; iSelect[0] ; oDisplay6[3] ; 8.460  ;        ;        ; 8.484  ;
; iSelect[0] ; oDisplay6[5] ; 8.389  ;        ;        ; 8.391  ;
; iSelect[0] ; oDisplay6[6] ; 8.214  ;        ;        ; 8.267  ;
; iSelect[1] ; oDisplay1[0] ; 7.758  ;        ;        ; 7.852  ;
; iSelect[1] ; oDisplay1[2] ; 7.738  ;        ;        ; 7.835  ;
; iSelect[1] ; oDisplay1[3] ; 8.091  ;        ;        ; 8.121  ;
; iSelect[1] ; oDisplay1[5] ; 7.768  ;        ;        ; 7.856  ;
; iSelect[1] ; oDisplay1[6] ; 7.606  ;        ;        ; 7.746  ;
; iSelect[1] ; oDisplay2[0] ;        ; 7.983  ; 8.550  ;        ;
; iSelect[1] ; oDisplay2[2] ;        ; 7.115  ; 7.416  ;        ;
; iSelect[1] ; oDisplay2[3] ;        ; 7.389  ; 7.804  ;        ;
; iSelect[1] ; oDisplay2[5] ;        ; 7.192  ; 7.522  ;        ;
; iSelect[1] ; oDisplay2[6] ;        ; 7.522  ; 7.966  ;        ;
; iSelect[1] ; oDisplay3[0] ;        ; 7.366  ; 7.716  ;        ;
; iSelect[1] ; oDisplay3[2] ;        ; 7.618  ; 8.086  ;        ;
; iSelect[1] ; oDisplay3[3] ;        ; 7.325  ; 7.691  ;        ;
; iSelect[1] ; oDisplay3[5] ;        ; 7.731  ; 8.206  ;        ;
; iSelect[1] ; oDisplay3[6] ;        ; 7.480  ; 7.828  ;        ;
; iSelect[1] ; oDisplay4[0] ; 7.729  ;        ;        ; 7.779  ;
; iSelect[1] ; oDisplay4[2] ; 7.662  ;        ;        ; 7.710  ;
; iSelect[1] ; oDisplay4[3] ; 7.798  ;        ;        ; 7.702  ;
; iSelect[1] ; oDisplay4[5] ; 7.796  ;        ;        ; 7.692  ;
; iSelect[1] ; oDisplay4[6] ; 7.214  ;        ;        ; 7.275  ;
; iSelect[1] ; oDisplay5[0] ; 7.994  ;        ;        ; 7.889  ;
; iSelect[1] ; oDisplay5[2] ; 7.522  ;        ;        ; 7.519  ;
; iSelect[1] ; oDisplay5[3] ; 7.993  ;        ;        ; 7.871  ;
; iSelect[1] ; oDisplay5[5] ; 8.627  ;        ;        ; 8.392  ;
; iSelect[1] ; oDisplay5[6] ; 8.161  ;        ;        ; 8.029  ;
; iSelect[1] ; oDisplay6[0] ;        ; 7.636  ; 8.018  ;        ;
; iSelect[1] ; oDisplay6[2] ;        ; 9.727  ; 10.670 ;        ;
; iSelect[1] ; oDisplay6[3] ;        ; 7.665  ; 8.037  ;        ;
; iSelect[1] ; oDisplay6[5] ;        ; 7.572  ; 7.966  ;        ;
; iSelect[1] ; oDisplay6[6] ;        ; 7.448  ; 7.791  ;        ;
; iSelect[2] ; oDisplay1[0] ; 8.510  ;        ;        ; 8.609  ;
; iSelect[2] ; oDisplay1[2] ; 8.490  ;        ;        ; 8.592  ;
; iSelect[2] ; oDisplay1[3] ; 8.843  ;        ;        ; 8.878  ;
; iSelect[2] ; oDisplay1[5] ; 8.520  ;        ;        ; 8.613  ;
; iSelect[2] ; oDisplay1[6] ; 8.358  ;        ;        ; 8.503  ;
; iSelect[2] ; oDisplay2[0] ; 9.110  ;        ;        ; 8.936  ;
; iSelect[2] ; oDisplay2[2] ; 7.976  ;        ;        ; 8.068  ;
; iSelect[2] ; oDisplay2[3] ; 8.364  ;        ;        ; 8.342  ;
; iSelect[2] ; oDisplay2[5] ; 8.082  ;        ;        ; 8.145  ;
; iSelect[2] ; oDisplay2[6] ; 8.526  ;        ;        ; 8.475  ;
; iSelect[2] ; oDisplay3[0] ; 8.227  ;        ;        ; 8.180  ;
; iSelect[2] ; oDisplay3[2] ; 8.597  ;        ;        ; 8.432  ;
; iSelect[2] ; oDisplay3[3] ; 8.202  ;        ;        ; 8.139  ;
; iSelect[2] ; oDisplay3[5] ; 8.717  ;        ;        ; 8.545  ;
; iSelect[2] ; oDisplay3[6] ; 8.339  ;        ;        ; 8.294  ;
; iSelect[2] ; oDisplay4[0] ;        ; 8.345  ; 8.664  ;        ;
; iSelect[2] ; oDisplay4[2] ;        ; 8.276  ; 8.597  ;        ;
; iSelect[2] ; oDisplay4[3] ;        ; 8.268  ; 8.733  ;        ;
; iSelect[2] ; oDisplay4[5] ;        ; 8.258  ; 8.731  ;        ;
; iSelect[2] ; oDisplay4[6] ;        ; 7.841  ; 8.149  ;        ;
; iSelect[2] ; oDisplay5[0] ;        ; 8.289  ; 8.877  ;        ;
; iSelect[2] ; oDisplay5[2] ;        ; 7.919  ; 8.405  ;        ;
; iSelect[2] ; oDisplay5[3] ;        ; 8.271  ; 8.876  ;        ;
; iSelect[2] ; oDisplay5[5] ;        ; 8.792  ; 9.510  ;        ;
; iSelect[2] ; oDisplay5[6] ;        ; 8.429  ; 9.044  ;        ;
; iSelect[2] ; oDisplay6[0] ;        ; 8.368  ; 8.729  ;        ;
; iSelect[2] ; oDisplay6[2] ;        ; 10.459 ; 11.381 ;        ;
; iSelect[2] ; oDisplay6[3] ;        ; 8.397  ; 8.748  ;        ;
; iSelect[2] ; oDisplay6[5] ;        ; 8.304  ; 8.677  ;        ;
; iSelect[2] ; oDisplay6[6] ;        ; 8.180  ; 8.502  ;        ;
+------------+--------------+--------+--------+--------+--------+


+-----------------------------------------------------------+
; Minimum Propagation Delay                                 ;
+------------+--------------+-------+-------+-------+-------+
; Input Port ; Output Port  ; RR    ; RF    ; FR    ; FF    ;
+------------+--------------+-------+-------+-------+-------+
; iSelect[0] ; oDisplay1[0] ;       ; 3.792 ; 4.400 ;       ;
; iSelect[0] ; oDisplay1[2] ;       ; 3.786 ; 4.392 ;       ;
; iSelect[0] ; oDisplay1[3] ;       ; 3.876 ; 4.531 ;       ;
; iSelect[0] ; oDisplay1[5] ;       ; 3.791 ; 4.401 ;       ;
; iSelect[0] ; oDisplay1[6] ;       ; 3.736 ; 4.323 ;       ;
; iSelect[0] ; oDisplay2[0] ; 4.229 ;       ;       ; 4.471 ;
; iSelect[0] ; oDisplay2[2] ; 3.669 ;       ;       ; 4.045 ;
; iSelect[0] ; oDisplay2[3] ; 3.864 ;       ;       ; 4.189 ;
; iSelect[0] ; oDisplay2[5] ; 3.745 ;       ;       ; 4.102 ;
; iSelect[0] ; oDisplay2[6] ; 3.942 ;       ;       ; 4.242 ;
; iSelect[0] ; oDisplay3[0] ;       ; 3.693 ; 4.310 ;       ;
; iSelect[0] ; oDisplay3[2] ;       ; 3.749 ; 4.445 ;       ;
; iSelect[0] ; oDisplay3[3] ;       ; 3.633 ; 4.267 ;       ;
; iSelect[0] ; oDisplay3[5] ;       ; 3.818 ; 4.511 ;       ;
; iSelect[0] ; oDisplay3[6] ;       ; 3.731 ; 4.374 ;       ;
; iSelect[0] ; oDisplay4[0] ; 3.920 ;       ;       ; 4.257 ;
; iSelect[0] ; oDisplay4[2] ; 3.891 ;       ;       ; 4.202 ;
; iSelect[0] ; oDisplay4[3] ; 3.951 ;       ;       ; 4.232 ;
; iSelect[0] ; oDisplay4[5] ; 3.957 ;       ;       ; 4.209 ;
; iSelect[0] ; oDisplay4[6] ; 3.672 ;       ;       ; 4.024 ;
; iSelect[0] ; oDisplay5[0] ;       ; 3.814 ; 4.518 ;       ;
; iSelect[0] ; oDisplay5[2] ;       ; 3.616 ; 4.283 ;       ;
; iSelect[0] ; oDisplay5[3] ;       ; 3.814 ; 4.500 ;       ;
; iSelect[0] ; oDisplay5[5] ;       ; 4.043 ; 4.806 ;       ;
; iSelect[0] ; oDisplay5[6] ;       ; 3.908 ; 4.594 ;       ;
; iSelect[0] ; oDisplay6[0] ; 3.959 ;       ;       ; 4.227 ;
; iSelect[0] ; oDisplay6[2] ; 5.419 ;       ;       ; 5.378 ;
; iSelect[0] ; oDisplay6[3] ; 3.933 ;       ;       ; 4.231 ;
; iSelect[0] ; oDisplay6[5] ; 3.919 ;       ;       ; 4.209 ;
; iSelect[0] ; oDisplay6[6] ; 3.852 ;       ;       ; 4.143 ;
; iSelect[1] ; oDisplay1[0] ; 3.665 ;       ;       ; 4.019 ;
; iSelect[1] ; oDisplay1[2] ; 3.657 ;       ;       ; 4.013 ;
; iSelect[1] ; oDisplay1[3] ; 3.796 ;       ;       ; 4.103 ;
; iSelect[1] ; oDisplay1[5] ; 3.666 ;       ;       ; 4.018 ;
; iSelect[1] ; oDisplay1[6] ; 3.588 ;       ;       ; 3.963 ;
; iSelect[1] ; oDisplay2[0] ;       ; 3.745 ; 4.450 ;       ;
; iSelect[1] ; oDisplay2[2] ;       ; 3.319 ; 3.890 ;       ;
; iSelect[1] ; oDisplay2[3] ;       ; 3.463 ; 4.085 ;       ;
; iSelect[1] ; oDisplay2[5] ;       ; 3.376 ; 3.966 ;       ;
; iSelect[1] ; oDisplay2[6] ;       ; 3.516 ; 4.163 ;       ;
; iSelect[1] ; oDisplay3[0] ;       ; 3.444 ; 4.048 ;       ;
; iSelect[1] ; oDisplay3[2] ;       ; 3.500 ; 4.183 ;       ;
; iSelect[1] ; oDisplay3[3] ;       ; 3.384 ; 4.005 ;       ;
; iSelect[1] ; oDisplay3[5] ;       ; 3.569 ; 4.249 ;       ;
; iSelect[1] ; oDisplay3[6] ;       ; 3.482 ; 4.112 ;       ;
; iSelect[1] ; oDisplay4[0] ; 3.665 ;       ;       ; 4.010 ;
; iSelect[1] ; oDisplay4[2] ; 3.636 ;       ;       ; 3.955 ;
; iSelect[1] ; oDisplay4[3] ; 3.696 ;       ;       ; 3.985 ;
; iSelect[1] ; oDisplay4[5] ; 3.702 ;       ;       ; 3.962 ;
; iSelect[1] ; oDisplay4[6] ; 3.417 ;       ;       ; 3.777 ;
; iSelect[1] ; oDisplay5[0] ; 3.803 ;       ;       ; 4.061 ;
; iSelect[1] ; oDisplay5[2] ; 3.568 ;       ;       ; 3.863 ;
; iSelect[1] ; oDisplay5[3] ; 3.785 ;       ;       ; 4.061 ;
; iSelect[1] ; oDisplay5[5] ; 4.091 ;       ;       ; 4.290 ;
; iSelect[1] ; oDisplay5[6] ; 3.879 ;       ;       ; 4.155 ;
; iSelect[1] ; oDisplay6[0] ;       ; 3.521 ; 4.202 ;       ;
; iSelect[1] ; oDisplay6[2] ;       ; 4.672 ; 5.662 ;       ;
; iSelect[1] ; oDisplay6[3] ;       ; 3.525 ; 4.176 ;       ;
; iSelect[1] ; oDisplay6[5] ;       ; 3.503 ; 4.162 ;       ;
; iSelect[1] ; oDisplay6[6] ;       ; 3.437 ; 4.095 ;       ;
; iSelect[2] ; oDisplay1[0] ; 3.989 ;       ;       ; 4.335 ;
; iSelect[2] ; oDisplay1[2] ; 3.981 ;       ;       ; 4.329 ;
; iSelect[2] ; oDisplay1[3] ; 4.120 ;       ;       ; 4.419 ;
; iSelect[2] ; oDisplay1[5] ; 3.990 ;       ;       ; 4.334 ;
; iSelect[2] ; oDisplay1[6] ; 3.912 ;       ;       ; 4.279 ;
; iSelect[2] ; oDisplay2[0] ; 4.295 ;       ;       ; 4.534 ;
; iSelect[2] ; oDisplay2[2] ; 3.735 ;       ;       ; 4.108 ;
; iSelect[2] ; oDisplay2[3] ; 3.930 ;       ;       ; 4.252 ;
; iSelect[2] ; oDisplay2[5] ; 3.811 ;       ;       ; 4.165 ;
; iSelect[2] ; oDisplay2[6] ; 4.008 ;       ;       ; 4.305 ;
; iSelect[2] ; oDisplay3[0] ; 3.860 ;       ;       ; 4.213 ;
; iSelect[2] ; oDisplay3[2] ; 3.995 ;       ;       ; 4.269 ;
; iSelect[2] ; oDisplay3[3] ; 3.817 ;       ;       ; 4.153 ;
; iSelect[2] ; oDisplay3[5] ; 4.061 ;       ;       ; 4.338 ;
; iSelect[2] ; oDisplay3[6] ; 3.924 ;       ;       ; 4.251 ;
; iSelect[2] ; oDisplay4[0] ;       ; 3.844 ; 4.459 ;       ;
; iSelect[2] ; oDisplay4[2] ;       ; 3.789 ; 4.430 ;       ;
; iSelect[2] ; oDisplay4[3] ;       ; 3.819 ; 4.490 ;       ;
; iSelect[2] ; oDisplay4[5] ;       ; 3.796 ; 4.496 ;       ;
; iSelect[2] ; oDisplay4[6] ;       ; 3.611 ; 4.211 ;       ;
; iSelect[2] ; oDisplay5[0] ;       ; 3.837 ; 4.544 ;       ;
; iSelect[2] ; oDisplay5[2] ;       ; 3.639 ; 4.309 ;       ;
; iSelect[2] ; oDisplay5[3] ;       ; 3.837 ; 4.526 ;       ;
; iSelect[2] ; oDisplay5[5] ;       ; 4.066 ; 4.832 ;       ;
; iSelect[2] ; oDisplay5[6] ;       ; 3.931 ; 4.620 ;       ;
; iSelect[2] ; oDisplay6[0] ;       ; 3.799 ; 4.481 ;       ;
; iSelect[2] ; oDisplay6[2] ;       ; 4.950 ; 5.941 ;       ;
; iSelect[2] ; oDisplay6[3] ;       ; 3.803 ; 4.455 ;       ;
; iSelect[2] ; oDisplay6[5] ;       ; 3.781 ; 4.441 ;       ;
; iSelect[2] ; oDisplay6[6] ;       ; 3.715 ; 4.374 ;       ;
+------------+--------------+-------+-------+-------+-------+


+-----------------------------------------------------------------------------------------------------------------------------------------------------------------------------------------------------------------------------------------------------------------------------------------------------------------------------------------------------------------------------------------------------------------+
; Board Trace Model Assignments                                                                                                                                                                                                                                                                                                                                                                                   ;
+--------------+--------------+-------------------+-------------------------+-------------------------+---------------+---------------------+----------------+------------------+--------+------------------+------------------------+------------------------+--------------+---------------+-----------------+-------+---------------------+--------------------+---------------+-----------------+-------------+
; Pin          ; I/O Standard ; Near Tline Length ; Near Tline L per Length ; Near Tline C per Length ; Near Series R ; Near Differential R ; Near Pull-up R ; Near Pull-down R ; Near C ; Far Tline Length ; Far Tline L per Length ; Far Tline C per Length ; Far Series R ; Far Pull-up R ; Far Pull-down R ; Far C ; Termination Voltage ; Far Differential R ; EBD File Name ; EBD Signal Name ; EBD Far-end ;
+--------------+--------------+-------------------+-------------------------+-------------------------+---------------+---------------------+----------------+------------------+--------+------------------+------------------------+------------------------+--------------+---------------+-----------------+-------+---------------------+--------------------+---------------+-----------------+-------------+
; oDisplay1[0] ; 2.5 V        ; 0 in              ; 0 H/in                  ; 0 F/in                  ; short         ; -                   ; open           ; open             ; open   ; 0 in             ; 0 H/in                 ; 0 F/in                 ; short        ; open          ; open            ; open  ; 0 V                 ; -                  ; n/a           ; n/a             ; n/a         ;
; oDisplay1[1] ; 2.5 V        ; 0 in              ; 0 H/in                  ; 0 F/in                  ; short         ; -                   ; open           ; open             ; open   ; 0 in             ; 0 H/in                 ; 0 F/in                 ; short        ; open          ; open            ; open  ; 0 V                 ; -                  ; n/a           ; n/a             ; n/a         ;
; oDisplay1[2] ; 2.5 V        ; 0 in              ; 0 H/in                  ; 0 F/in                  ; short         ; -                   ; open           ; open             ; open   ; 0 in             ; 0 H/in                 ; 0 F/in                 ; short        ; open          ; open            ; open  ; 0 V                 ; -                  ; n/a           ; n/a             ; n/a         ;
; oDisplay1[3] ; 2.5 V        ; 0 in              ; 0 H/in                  ; 0 F/in                  ; short         ; -                   ; open           ; open             ; open   ; 0 in             ; 0 H/in                 ; 0 F/in                 ; short        ; open          ; open            ; open  ; 0 V                 ; -                  ; n/a           ; n/a             ; n/a         ;
; oDisplay1[4] ; 2.5 V        ; 0 in              ; 0 H/in                  ; 0 F/in                  ; short         ; -                   ; open           ; open             ; open   ; 0 in             ; 0 H/in                 ; 0 F/in                 ; short        ; open          ; open            ; open  ; 0 V                 ; -                  ; n/a           ; n/a             ; n/a         ;
; oDisplay1[5] ; 2.5 V        ; 0 in              ; 0 H/in                  ; 0 F/in                  ; short         ; -                   ; open           ; open             ; open   ; 0 in             ; 0 H/in                 ; 0 F/in                 ; short        ; open          ; open            ; open  ; 0 V                 ; -                  ; n/a           ; n/a             ; n/a         ;
; oDisplay1[6] ; 2.5 V        ; 0 in              ; 0 H/in                  ; 0 F/in                  ; short         ; -                   ; open           ; open             ; open   ; 0 in             ; 0 H/in                 ; 0 F/in                 ; short        ; open          ; open            ; open  ; 0 V                 ; -                  ; n/a           ; n/a             ; n/a         ;
; oDisplay2[0] ; 2.5 V        ; 0 in              ; 0 H/in                  ; 0 F/in                  ; short         ; -                   ; open           ; open             ; open   ; 0 in             ; 0 H/in                 ; 0 F/in                 ; short        ; open          ; open            ; open  ; 0 V                 ; -                  ; n/a           ; n/a             ; n/a         ;
; oDisplay2[1] ; 2.5 V        ; 0 in              ; 0 H/in                  ; 0 F/in                  ; short         ; -                   ; open           ; open             ; open   ; 0 in             ; 0 H/in                 ; 0 F/in                 ; short        ; open          ; open            ; open  ; 0 V                 ; -                  ; n/a           ; n/a             ; n/a         ;
; oDisplay2[2] ; 2.5 V        ; 0 in              ; 0 H/in                  ; 0 F/in                  ; short         ; -                   ; open           ; open             ; open   ; 0 in             ; 0 H/in                 ; 0 F/in                 ; short        ; open          ; open            ; open  ; 0 V                 ; -                  ; n/a           ; n/a             ; n/a         ;
; oDisplay2[3] ; 2.5 V        ; 0 in              ; 0 H/in                  ; 0 F/in                  ; short         ; -                   ; open           ; open             ; open   ; 0 in             ; 0 H/in                 ; 0 F/in                 ; short        ; open          ; open            ; open  ; 0 V                 ; -                  ; n/a           ; n/a             ; n/a         ;
; oDisplay2[4] ; 2.5 V        ; 0 in              ; 0 H/in                  ; 0 F/in                  ; short         ; -                   ; open           ; open             ; open   ; 0 in             ; 0 H/in                 ; 0 F/in                 ; short        ; open          ; open            ; open  ; 0 V                 ; -                  ; n/a           ; n/a             ; n/a         ;
; oDisplay2[5] ; 2.5 V        ; 0 in              ; 0 H/in                  ; 0 F/in                  ; short         ; -                   ; open           ; open             ; open   ; 0 in             ; 0 H/in                 ; 0 F/in                 ; short        ; open          ; open            ; open  ; 0 V                 ; -                  ; n/a           ; n/a             ; n/a         ;
; oDisplay2[6] ; 2.5 V        ; 0 in              ; 0 H/in                  ; 0 F/in                  ; short         ; -                   ; open           ; open             ; open   ; 0 in             ; 0 H/in                 ; 0 F/in                 ; short        ; open          ; open            ; open  ; 0 V                 ; -                  ; n/a           ; n/a             ; n/a         ;
; oDisplay3[0] ; 2.5 V        ; 0 in              ; 0 H/in                  ; 0 F/in                  ; short         ; -                   ; open           ; open             ; open   ; 0 in             ; 0 H/in                 ; 0 F/in                 ; short        ; open          ; open            ; open  ; 0 V                 ; -                  ; n/a           ; n/a             ; n/a         ;
; oDisplay3[1] ; 2.5 V        ; 0 in              ; 0 H/in                  ; 0 F/in                  ; short         ; -                   ; open           ; open             ; open   ; 0 in             ; 0 H/in                 ; 0 F/in                 ; short        ; open          ; open            ; open  ; 0 V                 ; -                  ; n/a           ; n/a             ; n/a         ;
; oDisplay3[2] ; 2.5 V        ; 0 in              ; 0 H/in                  ; 0 F/in                  ; short         ; -                   ; open           ; open             ; open   ; 0 in             ; 0 H/in                 ; 0 F/in                 ; short        ; open          ; open            ; open  ; 0 V                 ; -                  ; n/a           ; n/a             ; n/a         ;
; oDisplay3[3] ; 2.5 V        ; 0 in              ; 0 H/in                  ; 0 F/in                  ; short         ; -                   ; open           ; open             ; open   ; 0 in             ; 0 H/in                 ; 0 F/in                 ; short        ; open          ; open            ; open  ; 0 V                 ; -                  ; n/a           ; n/a             ; n/a         ;
; oDisplay3[4] ; 2.5 V        ; 0 in              ; 0 H/in                  ; 0 F/in                  ; short         ; -                   ; open           ; open             ; open   ; 0 in             ; 0 H/in                 ; 0 F/in                 ; short        ; open          ; open            ; open  ; 0 V                 ; -                  ; n/a           ; n/a             ; n/a         ;
; oDisplay3[5] ; 2.5 V        ; 0 in              ; 0 H/in                  ; 0 F/in                  ; short         ; -                   ; open           ; open             ; open   ; 0 in             ; 0 H/in                 ; 0 F/in                 ; short        ; open          ; open            ; open  ; 0 V                 ; -                  ; n/a           ; n/a             ; n/a         ;
; oDisplay3[6] ; 2.5 V        ; 0 in              ; 0 H/in                  ; 0 F/in                  ; short         ; -                   ; open           ; open             ; open   ; 0 in             ; 0 H/in                 ; 0 F/in                 ; short        ; open          ; open            ; open  ; 0 V                 ; -                  ; n/a           ; n/a             ; n/a         ;
; oDisplay4[0] ; 2.5 V        ; 0 in              ; 0 H/in                  ; 0 F/in                  ; short         ; -                   ; open           ; open             ; open   ; 0 in             ; 0 H/in                 ; 0 F/in                 ; short        ; open          ; open            ; open  ; 0 V                 ; -                  ; n/a           ; n/a             ; n/a         ;
; oDisplay4[1] ; 2.5 V        ; 0 in              ; 0 H/in                  ; 0 F/in                  ; short         ; -                   ; open           ; open             ; open   ; 0 in             ; 0 H/in                 ; 0 F/in                 ; short        ; open          ; open            ; open  ; 0 V                 ; -                  ; n/a           ; n/a             ; n/a         ;
; oDisplay4[2] ; 2.5 V        ; 0 in              ; 0 H/in                  ; 0 F/in                  ; short         ; -                   ; open           ; open             ; open   ; 0 in             ; 0 H/in                 ; 0 F/in                 ; short        ; open          ; open            ; open  ; 0 V                 ; -                  ; n/a           ; n/a             ; n/a         ;
; oDisplay4[3] ; 2.5 V        ; 0 in              ; 0 H/in                  ; 0 F/in                  ; short         ; -                   ; open           ; open             ; open   ; 0 in             ; 0 H/in                 ; 0 F/in                 ; short        ; open          ; open            ; open  ; 0 V                 ; -                  ; n/a           ; n/a             ; n/a         ;
; oDisplay4[4] ; 2.5 V        ; 0 in              ; 0 H/in                  ; 0 F/in                  ; short         ; -                   ; open           ; open             ; open   ; 0 in             ; 0 H/in                 ; 0 F/in                 ; short        ; open          ; open            ; open  ; 0 V                 ; -                  ; n/a           ; n/a             ; n/a         ;
; oDisplay4[5] ; 2.5 V        ; 0 in              ; 0 H/in                  ; 0 F/in                  ; short         ; -                   ; open           ; open             ; open   ; 0 in             ; 0 H/in                 ; 0 F/in                 ; short        ; open          ; open            ; open  ; 0 V                 ; -                  ; n/a           ; n/a             ; n/a         ;
; oDisplay4[6] ; 2.5 V        ; 0 in              ; 0 H/in                  ; 0 F/in                  ; short         ; -                   ; open           ; open             ; open   ; 0 in             ; 0 H/in                 ; 0 F/in                 ; short        ; open          ; open            ; open  ; 0 V                 ; -                  ; n/a           ; n/a             ; n/a         ;
; oDisplay5[0] ; 2.5 V        ; 0 in              ; 0 H/in                  ; 0 F/in                  ; short         ; -                   ; open           ; open             ; open   ; 0 in             ; 0 H/in                 ; 0 F/in                 ; short        ; open          ; open            ; open  ; 0 V                 ; -                  ; n/a           ; n/a             ; n/a         ;
; oDisplay5[1] ; 2.5 V        ; 0 in              ; 0 H/in                  ; 0 F/in                  ; short         ; -                   ; open           ; open             ; open   ; 0 in             ; 0 H/in                 ; 0 F/in                 ; short        ; open          ; open            ; open  ; 0 V                 ; -                  ; n/a           ; n/a             ; n/a         ;
; oDisplay5[2] ; 2.5 V        ; 0 in              ; 0 H/in                  ; 0 F/in                  ; short         ; -                   ; open           ; open             ; open   ; 0 in             ; 0 H/in                 ; 0 F/in                 ; short        ; open          ; open            ; open  ; 0 V                 ; -                  ; n/a           ; n/a             ; n/a         ;
; oDisplay5[3] ; 2.5 V        ; 0 in              ; 0 H/in                  ; 0 F/in                  ; short         ; -                   ; open           ; open             ; open   ; 0 in             ; 0 H/in                 ; 0 F/in                 ; short        ; open          ; open            ; open  ; 0 V                 ; -                  ; n/a           ; n/a             ; n/a         ;
; oDisplay5[4] ; 2.5 V        ; 0 in              ; 0 H/in                  ; 0 F/in                  ; short         ; -                   ; open           ; open             ; open   ; 0 in             ; 0 H/in                 ; 0 F/in                 ; short        ; open          ; open            ; open  ; 0 V                 ; -                  ; n/a           ; n/a             ; n/a         ;
; oDisplay5[5] ; 2.5 V        ; 0 in              ; 0 H/in                  ; 0 F/in                  ; short         ; -                   ; open           ; open             ; open   ; 0 in             ; 0 H/in                 ; 0 F/in                 ; short        ; open          ; open            ; open  ; 0 V                 ; -                  ; n/a           ; n/a             ; n/a         ;
; oDisplay5[6] ; 2.5 V        ; 0 in              ; 0 H/in                  ; 0 F/in                  ; short         ; -                   ; open           ; open             ; open   ; 0 in             ; 0 H/in                 ; 0 F/in                 ; short        ; open          ; open            ; open  ; 0 V                 ; -                  ; n/a           ; n/a             ; n/a         ;
; oDisplay6[0] ; 2.5 V        ; 0 in              ; 0 H/in                  ; 0 F/in                  ; short         ; -                   ; open           ; open             ; open   ; 0 in             ; 0 H/in                 ; 0 F/in                 ; short        ; open          ; open            ; open  ; 0 V                 ; -                  ; n/a           ; n/a             ; n/a         ;
; oDisplay6[1] ; 2.5 V        ; 0 in              ; 0 H/in                  ; 0 F/in                  ; short         ; -                   ; open           ; open             ; open   ; 0 in             ; 0 H/in                 ; 0 F/in                 ; short        ; open          ; open            ; open  ; 0 V                 ; -                  ; n/a           ; n/a             ; n/a         ;
; oDisplay6[2] ; 2.5 V        ; 0 in              ; 0 H/in                  ; 0 F/in                  ; short         ; -                   ; open           ; open             ; open   ; 0 in             ; 0 H/in                 ; 0 F/in                 ; short        ; open          ; open            ; open  ; 0 V                 ; -                  ; n/a           ; n/a             ; n/a         ;
; oDisplay6[3] ; 2.5 V        ; 0 in              ; 0 H/in                  ; 0 F/in                  ; short         ; -                   ; open           ; open             ; open   ; 0 in             ; 0 H/in                 ; 0 F/in                 ; short        ; open          ; open            ; open  ; 0 V                 ; -                  ; n/a           ; n/a             ; n/a         ;
; oDisplay6[4] ; 2.5 V        ; 0 in              ; 0 H/in                  ; 0 F/in                  ; short         ; -                   ; open           ; open             ; open   ; 0 in             ; 0 H/in                 ; 0 F/in                 ; short        ; open          ; open            ; open  ; 0 V                 ; -                  ; n/a           ; n/a             ; n/a         ;
; oDisplay6[5] ; 2.5 V        ; 0 in              ; 0 H/in                  ; 0 F/in                  ; short         ; -                   ; open           ; open             ; open   ; 0 in             ; 0 H/in                 ; 0 F/in                 ; short        ; open          ; open            ; open  ; 0 V                 ; -                  ; n/a           ; n/a             ; n/a         ;
; oDisplay6[6] ; 2.5 V        ; 0 in              ; 0 H/in                  ; 0 F/in                  ; short         ; -                   ; open           ; open             ; open   ; 0 in             ; 0 H/in                 ; 0 F/in                 ; short        ; open          ; open            ; open  ; 0 V                 ; -                  ; n/a           ; n/a             ; n/a         ;
+--------------+--------------+-------------------+-------------------------+-------------------------+---------------+---------------------+----------------+------------------+--------+------------------+------------------------+------------------------+--------------+---------------+-----------------+-------+---------------------+--------------------+---------------+-----------------+-------------+


+---------------------------------------------------------------+
; Input Transition Times                                        ;
+------------+--------------+-----------------+-----------------+
; Pin        ; I/O Standard ; 10-90 Rise Time ; 90-10 Fall Time ;
+------------+--------------+-----------------+-----------------+
; iSelect[2] ; 2.5 V        ; 2000 ps         ; 2000 ps         ;
; iSelect[0] ; 2.5 V        ; 2000 ps         ; 2000 ps         ;
; iSelect[1] ; 2.5 V        ; 2000 ps         ; 2000 ps         ;
+------------+--------------+-----------------+-----------------+


+-------------------------------------------------------------------------------------------------------------------------------------------------------------------------------------------------------------------------------------------------------------------------------------------------------------------------------------------------------------------------------------------------------------------------------------------------------------------------------------------------------------------------------------------------------------------------------------------------------------------------------------------------------------------------------------------+
; Signal Integrity Metrics (Slow 1100mv 0c Model)                                                                                                                                                                                                                                                                                                                                                                                                                                                                                                                                                                                                                                           ;
+--------------+--------------+---------------------+---------------------+------------------------------+------------------------------+---------------------+---------------------+--------------------------------------+--------------------------------------+-----------------------------+-----------------------------+----------------------------+----------------------------+-----------------------------+-----------------------------+--------------------+--------------------+-------------------------------------+-------------------------------------+----------------------------+----------------------------+---------------------------+---------------------------+
; Pin          ; I/O Standard ; Board Delay on Rise ; Board Delay on Fall ; Steady State Voh at FPGA Pin ; Steady State Vol at FPGA Pin ; Voh Max at FPGA Pin ; Vol Min at FPGA Pin ; Ringback Voltage on Rise at FPGA Pin ; Ringback Voltage on Fall at FPGA Pin ; 10-90 Rise Time at FPGA Pin ; 90-10 Fall Time at FPGA Pin ; Monotonic Rise at FPGA Pin ; Monotonic Fall at FPGA Pin ; Steady State Voh at Far-end ; Steady State Vol at Far-end ; Voh Max at Far-end ; Vol Min at Far-end ; Ringback Voltage on Rise at Far-end ; Ringback Voltage on Fall at Far-end ; 10-90 Rise Time at Far-end ; 90-10 Fall Time at Far-end ; Monotonic Rise at Far-end ; Monotonic Fall at Far-end ;
+--------------+--------------+---------------------+---------------------+------------------------------+------------------------------+---------------------+---------------------+--------------------------------------+--------------------------------------+-----------------------------+-----------------------------+----------------------------+----------------------------+-----------------------------+-----------------------------+--------------------+--------------------+-------------------------------------+-------------------------------------+----------------------------+----------------------------+---------------------------+---------------------------+
; oDisplay1[0] ; 2.5 V        ; 0 s                 ; 0 s                 ; 2.32 V                       ; 2.15e-07 V                   ; 2.41 V              ; -0.0492 V           ; 0.181 V                              ; 0.116 V                              ; 4.54e-10 s                  ; 4.44e-10 s                  ; No                         ; Yes                        ; 2.32 V                      ; 2.15e-07 V                  ; 2.41 V             ; -0.0492 V          ; 0.181 V                             ; 0.116 V                             ; 4.54e-10 s                 ; 4.44e-10 s                 ; No                        ; Yes                       ;
; oDisplay1[1] ; 2.5 V        ; 0 s                 ; 0 s                 ; 2.32 V                       ; 2.15e-07 V                   ; 2.41 V              ; -0.0495 V           ; 0.18 V                               ; 0.115 V                              ; 4.54e-10 s                  ; 4.44e-10 s                  ; No                         ; Yes                        ; 2.32 V                      ; 2.15e-07 V                  ; 2.41 V             ; -0.0495 V          ; 0.18 V                              ; 0.115 V                             ; 4.54e-10 s                 ; 4.44e-10 s                 ; No                        ; Yes                       ;
; oDisplay1[2] ; 2.5 V        ; 0 s                 ; 0 s                 ; 2.32 V                       ; 2.15e-07 V                   ; 2.41 V              ; -0.0495 V           ; 0.18 V                               ; 0.115 V                              ; 4.54e-10 s                  ; 4.44e-10 s                  ; No                         ; Yes                        ; 2.32 V                      ; 2.15e-07 V                  ; 2.41 V             ; -0.0495 V          ; 0.18 V                              ; 0.115 V                             ; 4.54e-10 s                 ; 4.44e-10 s                 ; No                        ; Yes                       ;
; oDisplay1[3] ; 2.5 V        ; 0 s                 ; 0 s                 ; 2.32 V                       ; 2.15e-07 V                   ; 2.41 V              ; -0.0492 V           ; 0.181 V                              ; 0.116 V                              ; 4.54e-10 s                  ; 4.44e-10 s                  ; No                         ; Yes                        ; 2.32 V                      ; 2.15e-07 V                  ; 2.41 V             ; -0.0492 V          ; 0.181 V                             ; 0.116 V                             ; 4.54e-10 s                 ; 4.44e-10 s                 ; No                        ; Yes                       ;
; oDisplay1[4] ; 2.5 V        ; 0 s                 ; 0 s                 ; 2.32 V                       ; 2.15e-07 V                   ; 2.41 V              ; -0.0492 V           ; 0.181 V                              ; 0.116 V                              ; 4.54e-10 s                  ; 4.44e-10 s                  ; No                         ; Yes                        ; 2.32 V                      ; 2.15e-07 V                  ; 2.41 V             ; -0.0492 V          ; 0.181 V                             ; 0.116 V                             ; 4.54e-10 s                 ; 4.44e-10 s                 ; No                        ; Yes                       ;
; oDisplay1[5] ; 2.5 V        ; 0 s                 ; 0 s                 ; 2.32 V                       ; 2.15e-07 V                   ; 2.41 V              ; -0.0492 V           ; 0.181 V                              ; 0.116 V                              ; 4.54e-10 s                  ; 4.44e-10 s                  ; No                         ; Yes                        ; 2.32 V                      ; 2.15e-07 V                  ; 2.41 V             ; -0.0492 V          ; 0.181 V                             ; 0.116 V                             ; 4.54e-10 s                 ; 4.44e-10 s                 ; No                        ; Yes                       ;
; oDisplay1[6] ; 2.5 V        ; 0 s                 ; 0 s                 ; 2.32 V                       ; 2.15e-07 V                   ; 2.41 V              ; -0.0495 V           ; 0.18 V                               ; 0.115 V                              ; 4.54e-10 s                  ; 4.44e-10 s                  ; No                         ; Yes                        ; 2.32 V                      ; 2.15e-07 V                  ; 2.41 V             ; -0.0495 V          ; 0.18 V                              ; 0.115 V                             ; 4.54e-10 s                 ; 4.44e-10 s                 ; No                        ; Yes                       ;
; oDisplay2[0] ; 2.5 V        ; 0 s                 ; 0 s                 ; 2.32 V                       ; 2.15e-07 V                   ; 2.41 V              ; -0.0495 V           ; 0.18 V                               ; 0.115 V                              ; 4.54e-10 s                  ; 4.44e-10 s                  ; No                         ; Yes                        ; 2.32 V                      ; 2.15e-07 V                  ; 2.41 V             ; -0.0495 V          ; 0.18 V                              ; 0.115 V                             ; 4.54e-10 s                 ; 4.44e-10 s                 ; No                        ; Yes                       ;
; oDisplay2[1] ; 2.5 V        ; 0 s                 ; 0 s                 ; 2.32 V                       ; 2.15e-07 V                   ; 2.41 V              ; -0.0495 V           ; 0.18 V                               ; 0.115 V                              ; 4.54e-10 s                  ; 4.44e-10 s                  ; No                         ; Yes                        ; 2.32 V                      ; 2.15e-07 V                  ; 2.41 V             ; -0.0495 V          ; 0.18 V                              ; 0.115 V                             ; 4.54e-10 s                 ; 4.44e-10 s                 ; No                        ; Yes                       ;
; oDisplay2[2] ; 2.5 V        ; 0 s                 ; 0 s                 ; 2.32 V                       ; 2.15e-07 V                   ; 2.41 V              ; -0.0492 V           ; 0.181 V                              ; 0.116 V                              ; 4.54e-10 s                  ; 4.44e-10 s                  ; No                         ; Yes                        ; 2.32 V                      ; 2.15e-07 V                  ; 2.41 V             ; -0.0492 V          ; 0.181 V                             ; 0.116 V                             ; 4.54e-10 s                 ; 4.44e-10 s                 ; No                        ; Yes                       ;
; oDisplay2[3] ; 2.5 V        ; 0 s                 ; 0 s                 ; 2.32 V                       ; 2.15e-07 V                   ; 2.41 V              ; -0.0492 V           ; 0.181 V                              ; 0.116 V                              ; 4.54e-10 s                  ; 4.44e-10 s                  ; No                         ; Yes                        ; 2.32 V                      ; 2.15e-07 V                  ; 2.41 V             ; -0.0492 V          ; 0.181 V                             ; 0.116 V                             ; 4.54e-10 s                 ; 4.44e-10 s                 ; No                        ; Yes                       ;
; oDisplay2[4] ; 2.5 V        ; 0 s                 ; 0 s                 ; 2.32 V                       ; 2.15e-07 V                   ; 2.41 V              ; -0.0495 V           ; 0.18 V                               ; 0.115 V                              ; 4.54e-10 s                  ; 4.44e-10 s                  ; No                         ; Yes                        ; 2.32 V                      ; 2.15e-07 V                  ; 2.41 V             ; -0.0495 V          ; 0.18 V                              ; 0.115 V                             ; 4.54e-10 s                 ; 4.44e-10 s                 ; No                        ; Yes                       ;
; oDisplay2[5] ; 2.5 V        ; 0 s                 ; 0 s                 ; 2.32 V                       ; 2.15e-07 V                   ; 2.41 V              ; -0.0495 V           ; 0.18 V                               ; 0.115 V                              ; 4.54e-10 s                  ; 4.44e-10 s                  ; No                         ; Yes                        ; 2.32 V                      ; 2.15e-07 V                  ; 2.41 V             ; -0.0495 V          ; 0.18 V                              ; 0.115 V                             ; 4.54e-10 s                 ; 4.44e-10 s                 ; No                        ; Yes                       ;
; oDisplay2[6] ; 2.5 V        ; 0 s                 ; 0 s                 ; 2.32 V                       ; 2.15e-07 V                   ; 2.41 V              ; -0.0492 V           ; 0.181 V                              ; 0.116 V                              ; 4.54e-10 s                  ; 4.44e-10 s                  ; No                         ; Yes                        ; 2.32 V                      ; 2.15e-07 V                  ; 2.41 V             ; -0.0492 V          ; 0.181 V                             ; 0.116 V                             ; 4.54e-10 s                 ; 4.44e-10 s                 ; No                        ; Yes                       ;
; oDisplay3[0] ; 2.5 V        ; 0 s                 ; 0 s                 ; 2.32 V                       ; 2.15e-07 V                   ; 2.41 V              ; -0.0492 V           ; 0.181 V                              ; 0.116 V                              ; 4.54e-10 s                  ; 4.44e-10 s                  ; No                         ; Yes                        ; 2.32 V                      ; 2.15e-07 V                  ; 2.41 V             ; -0.0492 V          ; 0.181 V                             ; 0.116 V                             ; 4.54e-10 s                 ; 4.44e-10 s                 ; No                        ; Yes                       ;
; oDisplay3[1] ; 2.5 V        ; 0 s                 ; 0 s                 ; 2.32 V                       ; 2.15e-07 V                   ; 2.41 V              ; -0.0495 V           ; 0.18 V                               ; 0.115 V                              ; 4.54e-10 s                  ; 4.44e-10 s                  ; No                         ; Yes                        ; 2.32 V                      ; 2.15e-07 V                  ; 2.41 V             ; -0.0495 V          ; 0.18 V                              ; 0.115 V                             ; 4.54e-10 s                 ; 4.44e-10 s                 ; No                        ; Yes                       ;
; oDisplay3[2] ; 2.5 V        ; 0 s                 ; 0 s                 ; 2.32 V                       ; 1.88e-07 V                   ; 2.35 V              ; -0.0185 V           ; 0.153 V                              ; 0.099 V                              ; 4.6e-10 s                   ; 4.48e-10 s                  ; No                         ; Yes                        ; 2.32 V                      ; 1.88e-07 V                  ; 2.35 V             ; -0.0185 V          ; 0.153 V                             ; 0.099 V                             ; 4.6e-10 s                  ; 4.48e-10 s                 ; No                        ; Yes                       ;
; oDisplay3[3] ; 2.5 V        ; 0 s                 ; 0 s                 ; 2.32 V                       ; 1.88e-07 V                   ; 2.35 V              ; -0.0185 V           ; 0.153 V                              ; 0.099 V                              ; 4.6e-10 s                   ; 4.48e-10 s                  ; No                         ; Yes                        ; 2.32 V                      ; 1.88e-07 V                  ; 2.35 V             ; -0.0185 V          ; 0.153 V                             ; 0.099 V                             ; 4.6e-10 s                  ; 4.48e-10 s                 ; No                        ; Yes                       ;
; oDisplay3[4] ; 2.5 V        ; 0 s                 ; 0 s                 ; 2.32 V                       ; 2.15e-07 V                   ; 2.41 V              ; -0.0495 V           ; 0.18 V                               ; 0.115 V                              ; 4.54e-10 s                  ; 4.44e-10 s                  ; No                         ; Yes                        ; 2.32 V                      ; 2.15e-07 V                  ; 2.41 V             ; -0.0495 V          ; 0.18 V                              ; 0.115 V                             ; 4.54e-10 s                 ; 4.44e-10 s                 ; No                        ; Yes                       ;
; oDisplay3[5] ; 2.5 V        ; 0 s                 ; 0 s                 ; 2.32 V                       ; 2.15e-07 V                   ; 2.41 V              ; -0.0495 V           ; 0.18 V                               ; 0.115 V                              ; 4.54e-10 s                  ; 4.44e-10 s                  ; No                         ; Yes                        ; 2.32 V                      ; 2.15e-07 V                  ; 2.41 V             ; -0.0495 V          ; 0.18 V                              ; 0.115 V                             ; 4.54e-10 s                 ; 4.44e-10 s                 ; No                        ; Yes                       ;
; oDisplay3[6] ; 2.5 V        ; 0 s                 ; 0 s                 ; 2.32 V                       ; 2.19e-07 V                   ; 2.4 V               ; -0.039 V            ; 0.21 V                               ; 0.145 V                              ; 4.67e-10 s                  ; 4.63e-10 s                  ; No                         ; Yes                        ; 2.32 V                      ; 2.19e-07 V                  ; 2.4 V              ; -0.039 V           ; 0.21 V                              ; 0.145 V                             ; 4.67e-10 s                 ; 4.63e-10 s                 ; No                        ; Yes                       ;
; oDisplay4[0] ; 2.5 V        ; 0 s                 ; 0 s                 ; 2.32 V                       ; 1.88e-07 V                   ; 2.35 V              ; -0.0185 V           ; 0.153 V                              ; 0.099 V                              ; 4.6e-10 s                   ; 4.48e-10 s                  ; No                         ; Yes                        ; 2.32 V                      ; 1.88e-07 V                  ; 2.35 V             ; -0.0185 V          ; 0.153 V                             ; 0.099 V                             ; 4.6e-10 s                  ; 4.48e-10 s                 ; No                        ; Yes                       ;
; oDisplay4[1] ; 2.5 V        ; 0 s                 ; 0 s                 ; 2.32 V                       ; 2.19e-07 V                   ; 2.4 V               ; -0.039 V            ; 0.21 V                               ; 0.145 V                              ; 4.67e-10 s                  ; 4.63e-10 s                  ; No                         ; Yes                        ; 2.32 V                      ; 2.19e-07 V                  ; 2.4 V              ; -0.039 V           ; 0.21 V                              ; 0.145 V                             ; 4.67e-10 s                 ; 4.63e-10 s                 ; No                        ; Yes                       ;
; oDisplay4[2] ; 2.5 V        ; 0 s                 ; 0 s                 ; 2.32 V                       ; 2.19e-07 V                   ; 2.4 V               ; -0.039 V            ; 0.21 V                               ; 0.145 V                              ; 4.67e-10 s                  ; 4.63e-10 s                  ; No                         ; Yes                        ; 2.32 V                      ; 2.19e-07 V                  ; 2.4 V              ; -0.039 V           ; 0.21 V                              ; 0.145 V                             ; 4.67e-10 s                 ; 4.63e-10 s                 ; No                        ; Yes                       ;
; oDisplay4[3] ; 2.5 V        ; 0 s                 ; 0 s                 ; 2.32 V                       ; 1.88e-07 V                   ; 2.35 V              ; -0.0185 V           ; 0.153 V                              ; 0.099 V                              ; 4.6e-10 s                   ; 4.48e-10 s                  ; No                         ; Yes                        ; 2.32 V                      ; 1.88e-07 V                  ; 2.35 V             ; -0.0185 V          ; 0.153 V                             ; 0.099 V                             ; 4.6e-10 s                  ; 4.48e-10 s                 ; No                        ; Yes                       ;
; oDisplay4[4] ; 2.5 V        ; 0 s                 ; 0 s                 ; 2.32 V                       ; 2.19e-07 V                   ; 2.4 V               ; -0.039 V            ; 0.21 V                               ; 0.145 V                              ; 4.67e-10 s                  ; 4.63e-10 s                  ; No                         ; Yes                        ; 2.32 V                      ; 2.19e-07 V                  ; 2.4 V              ; -0.039 V           ; 0.21 V                              ; 0.145 V                             ; 4.67e-10 s                 ; 4.63e-10 s                 ; No                        ; Yes                       ;
; oDisplay4[5] ; 2.5 V        ; 0 s                 ; 0 s                 ; 2.32 V                       ; 2.19e-07 V                   ; 2.4 V               ; -0.039 V            ; 0.21 V                               ; 0.145 V                              ; 4.67e-10 s                  ; 4.63e-10 s                  ; No                         ; Yes                        ; 2.32 V                      ; 2.19e-07 V                  ; 2.4 V              ; -0.039 V           ; 0.21 V                              ; 0.145 V                             ; 4.67e-10 s                 ; 4.63e-10 s                 ; No                        ; Yes                       ;
; oDisplay4[6] ; 2.5 V        ; 0 s                 ; 0 s                 ; 2.32 V                       ; 1.88e-07 V                   ; 2.35 V              ; -0.0185 V           ; 0.153 V                              ; 0.099 V                              ; 4.6e-10 s                   ; 4.48e-10 s                  ; No                         ; Yes                        ; 2.32 V                      ; 1.88e-07 V                  ; 2.35 V             ; -0.0185 V          ; 0.153 V                             ; 0.099 V                             ; 4.6e-10 s                  ; 4.48e-10 s                 ; No                        ; Yes                       ;
; oDisplay5[0] ; 2.5 V        ; 0 s                 ; 0 s                 ; 2.32 V                       ; 1.88e-07 V                   ; 2.35 V              ; -0.0185 V           ; 0.153 V                              ; 0.099 V                              ; 4.6e-10 s                   ; 4.48e-10 s                  ; No                         ; Yes                        ; 2.32 V                      ; 1.88e-07 V                  ; 2.35 V             ; -0.0185 V          ; 0.153 V                             ; 0.099 V                             ; 4.6e-10 s                  ; 4.48e-10 s                 ; No                        ; Yes                       ;
; oDisplay5[1] ; 2.5 V        ; 0 s                 ; 0 s                 ; 2.32 V                       ; 2.19e-07 V                   ; 2.4 V               ; -0.039 V            ; 0.21 V                               ; 0.145 V                              ; 4.67e-10 s                  ; 4.63e-10 s                  ; No                         ; Yes                        ; 2.32 V                      ; 2.19e-07 V                  ; 2.4 V              ; -0.039 V           ; 0.21 V                              ; 0.145 V                             ; 4.67e-10 s                 ; 4.63e-10 s                 ; No                        ; Yes                       ;
; oDisplay5[2] ; 2.5 V        ; 0 s                 ; 0 s                 ; 2.32 V                       ; 2.19e-07 V                   ; 2.4 V               ; -0.039 V            ; 0.21 V                               ; 0.145 V                              ; 4.67e-10 s                  ; 4.63e-10 s                  ; No                         ; Yes                        ; 2.32 V                      ; 2.19e-07 V                  ; 2.4 V              ; -0.039 V           ; 0.21 V                              ; 0.145 V                             ; 4.67e-10 s                 ; 4.63e-10 s                 ; No                        ; Yes                       ;
; oDisplay5[3] ; 2.5 V        ; 0 s                 ; 0 s                 ; 2.32 V                       ; 1.88e-07 V                   ; 2.35 V              ; -0.0185 V           ; 0.153 V                              ; 0.099 V                              ; 4.6e-10 s                   ; 4.48e-10 s                  ; No                         ; Yes                        ; 2.32 V                      ; 1.88e-07 V                  ; 2.35 V             ; -0.0185 V          ; 0.153 V                             ; 0.099 V                             ; 4.6e-10 s                  ; 4.48e-10 s                 ; No                        ; Yes                       ;
; oDisplay5[4] ; 2.5 V        ; 0 s                 ; 0 s                 ; 2.32 V                       ; 1.88e-07 V                   ; 2.35 V              ; -0.0185 V           ; 0.153 V                              ; 0.099 V                              ; 4.6e-10 s                   ; 4.48e-10 s                  ; No                         ; Yes                        ; 2.32 V                      ; 1.88e-07 V                  ; 2.35 V             ; -0.0185 V          ; 0.153 V                             ; 0.099 V                             ; 4.6e-10 s                  ; 4.48e-10 s                 ; No                        ; Yes                       ;
; oDisplay5[5] ; 2.5 V        ; 0 s                 ; 0 s                 ; 2.32 V                       ; 1.88e-07 V                   ; 2.35 V              ; -0.0185 V           ; 0.153 V                              ; 0.099 V                              ; 4.6e-10 s                   ; 4.48e-10 s                  ; No                         ; Yes                        ; 2.32 V                      ; 1.88e-07 V                  ; 2.35 V             ; -0.0185 V          ; 0.153 V                             ; 0.099 V                             ; 4.6e-10 s                  ; 4.48e-10 s                 ; No                        ; Yes                       ;
; oDisplay5[6] ; 2.5 V        ; 0 s                 ; 0 s                 ; 2.32 V                       ; 2.15e-07 V                   ; 2.41 V              ; -0.0492 V           ; 0.181 V                              ; 0.116 V                              ; 4.54e-10 s                  ; 4.44e-10 s                  ; No                         ; Yes                        ; 2.32 V                      ; 2.15e-07 V                  ; 2.41 V             ; -0.0492 V          ; 0.181 V                             ; 0.116 V                             ; 4.54e-10 s                 ; 4.44e-10 s                 ; No                        ; Yes                       ;
; oDisplay6[0] ; 2.5 V        ; 0 s                 ; 0 s                 ; 2.32 V                       ; 2.19e-07 V                   ; 2.4 V               ; -0.039 V            ; 0.21 V                               ; 0.145 V                              ; 4.67e-10 s                  ; 4.63e-10 s                  ; No                         ; Yes                        ; 2.32 V                      ; 2.19e-07 V                  ; 2.4 V              ; -0.039 V           ; 0.21 V                              ; 0.145 V                             ; 4.67e-10 s                 ; 4.63e-10 s                 ; No                        ; Yes                       ;
; oDisplay6[1] ; 2.5 V        ; 0 s                 ; 0 s                 ; 2.32 V                       ; 2.15e-07 V                   ; 2.41 V              ; -0.0492 V           ; 0.181 V                              ; 0.116 V                              ; 4.54e-10 s                  ; 4.44e-10 s                  ; No                         ; Yes                        ; 2.32 V                      ; 2.15e-07 V                  ; 2.41 V             ; -0.0492 V          ; 0.181 V                             ; 0.116 V                             ; 4.54e-10 s                 ; 4.44e-10 s                 ; No                        ; Yes                       ;
; oDisplay6[2] ; 2.5 V        ; 0 s                 ; 0 s                 ; 2.32 V                       ; 2.15e-07 V                   ; 2.41 V              ; -0.0495 V           ; 0.18 V                               ; 0.115 V                              ; 4.54e-10 s                  ; 4.44e-10 s                  ; No                         ; Yes                        ; 2.32 V                      ; 2.15e-07 V                  ; 2.41 V             ; -0.0495 V          ; 0.18 V                              ; 0.115 V                             ; 4.54e-10 s                 ; 4.44e-10 s                 ; No                        ; Yes                       ;
; oDisplay6[3] ; 2.5 V        ; 0 s                 ; 0 s                 ; 2.32 V                       ; 1.88e-07 V                   ; 2.35 V              ; -0.0185 V           ; 0.153 V                              ; 0.099 V                              ; 4.6e-10 s                   ; 4.48e-10 s                  ; No                         ; Yes                        ; 2.32 V                      ; 1.88e-07 V                  ; 2.35 V             ; -0.0185 V          ; 0.153 V                             ; 0.099 V                             ; 4.6e-10 s                  ; 4.48e-10 s                 ; No                        ; Yes                       ;
; oDisplay6[4] ; 2.5 V        ; 0 s                 ; 0 s                 ; 2.32 V                       ; 1.88e-07 V                   ; 2.35 V              ; -0.0185 V           ; 0.153 V                              ; 0.099 V                              ; 4.6e-10 s                   ; 4.48e-10 s                  ; No                         ; Yes                        ; 2.32 V                      ; 1.88e-07 V                  ; 2.35 V             ; -0.0185 V          ; 0.153 V                             ; 0.099 V                             ; 4.6e-10 s                  ; 4.48e-10 s                 ; No                        ; Yes                       ;
; oDisplay6[5] ; 2.5 V        ; 0 s                 ; 0 s                 ; 2.32 V                       ; 1.88e-07 V                   ; 2.35 V              ; -0.0185 V           ; 0.153 V                              ; 0.099 V                              ; 4.6e-10 s                   ; 4.48e-10 s                  ; No                         ; Yes                        ; 2.32 V                      ; 1.88e-07 V                  ; 2.35 V             ; -0.0185 V          ; 0.153 V                             ; 0.099 V                             ; 4.6e-10 s                  ; 4.48e-10 s                 ; No                        ; Yes                       ;
; oDisplay6[6] ; 2.5 V        ; 0 s                 ; 0 s                 ; 2.32 V                       ; 2.19e-07 V                   ; 2.4 V               ; -0.039 V            ; 0.21 V                               ; 0.145 V                              ; 4.67e-10 s                  ; 4.63e-10 s                  ; No                         ; Yes                        ; 2.32 V                      ; 2.19e-07 V                  ; 2.4 V              ; -0.039 V           ; 0.21 V                              ; 0.145 V                             ; 4.67e-10 s                 ; 4.63e-10 s                 ; No                        ; Yes                       ;
+--------------+--------------+---------------------+---------------------+------------------------------+------------------------------+---------------------+---------------------+--------------------------------------+--------------------------------------+-----------------------------+-----------------------------+----------------------------+----------------------------+-----------------------------+-----------------------------+--------------------+--------------------+-------------------------------------+-------------------------------------+----------------------------+----------------------------+---------------------------+---------------------------+


+-------------------------------------------------------------------------------------------------------------------------------------------------------------------------------------------------------------------------------------------------------------------------------------------------------------------------------------------------------------------------------------------------------------------------------------------------------------------------------------------------------------------------------------------------------------------------------------------------------------------------------------------------------------------------------------------+
; Signal Integrity Metrics (Slow 1100mv 85c Model)                                                                                                                                                                                                                                                                                                                                                                                                                                                                                                                                                                                                                                          ;
+--------------+--------------+---------------------+---------------------+------------------------------+------------------------------+---------------------+---------------------+--------------------------------------+--------------------------------------+-----------------------------+-----------------------------+----------------------------+----------------------------+-----------------------------+-----------------------------+--------------------+--------------------+-------------------------------------+-------------------------------------+----------------------------+----------------------------+---------------------------+---------------------------+
; Pin          ; I/O Standard ; Board Delay on Rise ; Board Delay on Fall ; Steady State Voh at FPGA Pin ; Steady State Vol at FPGA Pin ; Voh Max at FPGA Pin ; Vol Min at FPGA Pin ; Ringback Voltage on Rise at FPGA Pin ; Ringback Voltage on Fall at FPGA Pin ; 10-90 Rise Time at FPGA Pin ; 90-10 Fall Time at FPGA Pin ; Monotonic Rise at FPGA Pin ; Monotonic Fall at FPGA Pin ; Steady State Voh at Far-end ; Steady State Vol at Far-end ; Voh Max at Far-end ; Vol Min at Far-end ; Ringback Voltage on Rise at Far-end ; Ringback Voltage on Fall at Far-end ; 10-90 Rise Time at Far-end ; 90-10 Fall Time at Far-end ; Monotonic Rise at Far-end ; Monotonic Fall at Far-end ;
+--------------+--------------+---------------------+---------------------+------------------------------+------------------------------+---------------------+---------------------+--------------------------------------+--------------------------------------+-----------------------------+-----------------------------+----------------------------+----------------------------+-----------------------------+-----------------------------+--------------------+--------------------+-------------------------------------+-------------------------------------+----------------------------+----------------------------+---------------------------+---------------------------+
; oDisplay1[0] ; 2.5 V        ; 0 s                 ; 0 s                 ; 2.32 V                       ; 2.52e-05 V                   ; 2.38 V              ; -0.032 V            ; 0.204 V                              ; 0.181 V                              ; 4.74e-10 s                  ; 4.85e-10 s                  ; No                         ; Yes                        ; 2.32 V                      ; 2.52e-05 V                  ; 2.38 V             ; -0.032 V           ; 0.204 V                             ; 0.181 V                             ; 4.74e-10 s                 ; 4.85e-10 s                 ; No                        ; Yes                       ;
; oDisplay1[1] ; 2.5 V        ; 0 s                 ; 0 s                 ; 2.32 V                       ; 2.52e-05 V                   ; 2.38 V              ; -0.0315 V           ; 0.205 V                              ; 0.182 V                              ; 4.74e-10 s                  ; 4.85e-10 s                  ; No                         ; Yes                        ; 2.32 V                      ; 2.52e-05 V                  ; 2.38 V             ; -0.0315 V          ; 0.205 V                             ; 0.182 V                             ; 4.74e-10 s                 ; 4.85e-10 s                 ; No                        ; Yes                       ;
; oDisplay1[2] ; 2.5 V        ; 0 s                 ; 0 s                 ; 2.32 V                       ; 2.52e-05 V                   ; 2.38 V              ; -0.0315 V           ; 0.205 V                              ; 0.182 V                              ; 4.74e-10 s                  ; 4.85e-10 s                  ; No                         ; Yes                        ; 2.32 V                      ; 2.52e-05 V                  ; 2.38 V             ; -0.0315 V          ; 0.205 V                             ; 0.182 V                             ; 4.74e-10 s                 ; 4.85e-10 s                 ; No                        ; Yes                       ;
; oDisplay1[3] ; 2.5 V        ; 0 s                 ; 0 s                 ; 2.32 V                       ; 2.52e-05 V                   ; 2.38 V              ; -0.032 V            ; 0.204 V                              ; 0.181 V                              ; 4.74e-10 s                  ; 4.85e-10 s                  ; No                         ; Yes                        ; 2.32 V                      ; 2.52e-05 V                  ; 2.38 V             ; -0.032 V           ; 0.204 V                             ; 0.181 V                             ; 4.74e-10 s                 ; 4.85e-10 s                 ; No                        ; Yes                       ;
; oDisplay1[4] ; 2.5 V        ; 0 s                 ; 0 s                 ; 2.32 V                       ; 2.52e-05 V                   ; 2.38 V              ; -0.032 V            ; 0.204 V                              ; 0.181 V                              ; 4.74e-10 s                  ; 4.85e-10 s                  ; No                         ; Yes                        ; 2.32 V                      ; 2.52e-05 V                  ; 2.38 V             ; -0.032 V           ; 0.204 V                             ; 0.181 V                             ; 4.74e-10 s                 ; 4.85e-10 s                 ; No                        ; Yes                       ;
; oDisplay1[5] ; 2.5 V        ; 0 s                 ; 0 s                 ; 2.32 V                       ; 2.52e-05 V                   ; 2.38 V              ; -0.032 V            ; 0.204 V                              ; 0.181 V                              ; 4.74e-10 s                  ; 4.85e-10 s                  ; No                         ; Yes                        ; 2.32 V                      ; 2.52e-05 V                  ; 2.38 V             ; -0.032 V           ; 0.204 V                             ; 0.181 V                             ; 4.74e-10 s                 ; 4.85e-10 s                 ; No                        ; Yes                       ;
; oDisplay1[6] ; 2.5 V        ; 0 s                 ; 0 s                 ; 2.32 V                       ; 2.52e-05 V                   ; 2.38 V              ; -0.0315 V           ; 0.205 V                              ; 0.182 V                              ; 4.74e-10 s                  ; 4.85e-10 s                  ; No                         ; Yes                        ; 2.32 V                      ; 2.52e-05 V                  ; 2.38 V             ; -0.0315 V          ; 0.205 V                             ; 0.182 V                             ; 4.74e-10 s                 ; 4.85e-10 s                 ; No                        ; Yes                       ;
; oDisplay2[0] ; 2.5 V        ; 0 s                 ; 0 s                 ; 2.32 V                       ; 2.52e-05 V                   ; 2.38 V              ; -0.0315 V           ; 0.205 V                              ; 0.182 V                              ; 4.74e-10 s                  ; 4.85e-10 s                  ; No                         ; Yes                        ; 2.32 V                      ; 2.52e-05 V                  ; 2.38 V             ; -0.0315 V          ; 0.205 V                             ; 0.182 V                             ; 4.74e-10 s                 ; 4.85e-10 s                 ; No                        ; Yes                       ;
; oDisplay2[1] ; 2.5 V        ; 0 s                 ; 0 s                 ; 2.32 V                       ; 2.52e-05 V                   ; 2.38 V              ; -0.0315 V           ; 0.205 V                              ; 0.182 V                              ; 4.74e-10 s                  ; 4.85e-10 s                  ; No                         ; Yes                        ; 2.32 V                      ; 2.52e-05 V                  ; 2.38 V             ; -0.0315 V          ; 0.205 V                             ; 0.182 V                             ; 4.74e-10 s                 ; 4.85e-10 s                 ; No                        ; Yes                       ;
; oDisplay2[2] ; 2.5 V        ; 0 s                 ; 0 s                 ; 2.32 V                       ; 2.52e-05 V                   ; 2.38 V              ; -0.032 V            ; 0.204 V                              ; 0.181 V                              ; 4.74e-10 s                  ; 4.85e-10 s                  ; No                         ; Yes                        ; 2.32 V                      ; 2.52e-05 V                  ; 2.38 V             ; -0.032 V           ; 0.204 V                             ; 0.181 V                             ; 4.74e-10 s                 ; 4.85e-10 s                 ; No                        ; Yes                       ;
; oDisplay2[3] ; 2.5 V        ; 0 s                 ; 0 s                 ; 2.32 V                       ; 2.52e-05 V                   ; 2.38 V              ; -0.032 V            ; 0.204 V                              ; 0.181 V                              ; 4.74e-10 s                  ; 4.85e-10 s                  ; No                         ; Yes                        ; 2.32 V                      ; 2.52e-05 V                  ; 2.38 V             ; -0.032 V           ; 0.204 V                             ; 0.181 V                             ; 4.74e-10 s                 ; 4.85e-10 s                 ; No                        ; Yes                       ;
; oDisplay2[4] ; 2.5 V        ; 0 s                 ; 0 s                 ; 2.32 V                       ; 2.52e-05 V                   ; 2.38 V              ; -0.0315 V           ; 0.205 V                              ; 0.182 V                              ; 4.74e-10 s                  ; 4.85e-10 s                  ; No                         ; Yes                        ; 2.32 V                      ; 2.52e-05 V                  ; 2.38 V             ; -0.0315 V          ; 0.205 V                             ; 0.182 V                             ; 4.74e-10 s                 ; 4.85e-10 s                 ; No                        ; Yes                       ;
; oDisplay2[5] ; 2.5 V        ; 0 s                 ; 0 s                 ; 2.32 V                       ; 2.52e-05 V                   ; 2.38 V              ; -0.0315 V           ; 0.205 V                              ; 0.182 V                              ; 4.74e-10 s                  ; 4.85e-10 s                  ; No                         ; Yes                        ; 2.32 V                      ; 2.52e-05 V                  ; 2.38 V             ; -0.0315 V          ; 0.205 V                             ; 0.182 V                             ; 4.74e-10 s                 ; 4.85e-10 s                 ; No                        ; Yes                       ;
; oDisplay2[6] ; 2.5 V        ; 0 s                 ; 0 s                 ; 2.32 V                       ; 2.52e-05 V                   ; 2.38 V              ; -0.032 V            ; 0.204 V                              ; 0.181 V                              ; 4.74e-10 s                  ; 4.85e-10 s                  ; No                         ; Yes                        ; 2.32 V                      ; 2.52e-05 V                  ; 2.38 V             ; -0.032 V           ; 0.204 V                             ; 0.181 V                             ; 4.74e-10 s                 ; 4.85e-10 s                 ; No                        ; Yes                       ;
; oDisplay3[0] ; 2.5 V        ; 0 s                 ; 0 s                 ; 2.32 V                       ; 2.52e-05 V                   ; 2.38 V              ; -0.032 V            ; 0.204 V                              ; 0.181 V                              ; 4.74e-10 s                  ; 4.85e-10 s                  ; No                         ; Yes                        ; 2.32 V                      ; 2.52e-05 V                  ; 2.38 V             ; -0.032 V           ; 0.204 V                             ; 0.181 V                             ; 4.74e-10 s                 ; 4.85e-10 s                 ; No                        ; Yes                       ;
; oDisplay3[1] ; 2.5 V        ; 0 s                 ; 0 s                 ; 2.32 V                       ; 2.52e-05 V                   ; 2.38 V              ; -0.0315 V           ; 0.205 V                              ; 0.182 V                              ; 4.74e-10 s                  ; 4.85e-10 s                  ; No                         ; Yes                        ; 2.32 V                      ; 2.52e-05 V                  ; 2.38 V             ; -0.0315 V          ; 0.205 V                             ; 0.182 V                             ; 4.74e-10 s                 ; 4.85e-10 s                 ; No                        ; Yes                       ;
; oDisplay3[2] ; 2.5 V        ; 0 s                 ; 0 s                 ; 2.32 V                       ; 2.27e-05 V                   ; 2.34 V              ; -0.0089 V           ; 0.206 V                              ; 0.058 V                              ; 4.97e-10 s                  ; 5.13e-10 s                  ; Yes                        ; Yes                        ; 2.32 V                      ; 2.27e-05 V                  ; 2.34 V             ; -0.0089 V          ; 0.206 V                             ; 0.058 V                             ; 4.97e-10 s                 ; 5.13e-10 s                 ; Yes                       ; Yes                       ;
; oDisplay3[3] ; 2.5 V        ; 0 s                 ; 0 s                 ; 2.32 V                       ; 2.27e-05 V                   ; 2.34 V              ; -0.0089 V           ; 0.206 V                              ; 0.058 V                              ; 4.97e-10 s                  ; 5.13e-10 s                  ; Yes                        ; Yes                        ; 2.32 V                      ; 2.27e-05 V                  ; 2.34 V             ; -0.0089 V          ; 0.206 V                             ; 0.058 V                             ; 4.97e-10 s                 ; 5.13e-10 s                 ; Yes                       ; Yes                       ;
; oDisplay3[4] ; 2.5 V        ; 0 s                 ; 0 s                 ; 2.32 V                       ; 2.52e-05 V                   ; 2.38 V              ; -0.0315 V           ; 0.205 V                              ; 0.182 V                              ; 4.74e-10 s                  ; 4.85e-10 s                  ; No                         ; Yes                        ; 2.32 V                      ; 2.52e-05 V                  ; 2.38 V             ; -0.0315 V          ; 0.205 V                             ; 0.182 V                             ; 4.74e-10 s                 ; 4.85e-10 s                 ; No                        ; Yes                       ;
; oDisplay3[5] ; 2.5 V        ; 0 s                 ; 0 s                 ; 2.32 V                       ; 2.52e-05 V                   ; 2.38 V              ; -0.0315 V           ; 0.205 V                              ; 0.182 V                              ; 4.74e-10 s                  ; 4.85e-10 s                  ; No                         ; Yes                        ; 2.32 V                      ; 2.52e-05 V                  ; 2.38 V             ; -0.0315 V          ; 0.205 V                             ; 0.182 V                             ; 4.74e-10 s                 ; 4.85e-10 s                 ; No                        ; Yes                       ;
; oDisplay3[6] ; 2.5 V        ; 0 s                 ; 0 s                 ; 2.32 V                       ; 2.56e-05 V                   ; 2.38 V              ; -0.026 V            ; 0.249 V                              ; 0.089 V                              ; 4.95e-10 s                  ; 6.01e-10 s                  ; No                         ; Yes                        ; 2.32 V                      ; 2.56e-05 V                  ; 2.38 V             ; -0.026 V           ; 0.249 V                             ; 0.089 V                             ; 4.95e-10 s                 ; 6.01e-10 s                 ; No                        ; Yes                       ;
; oDisplay4[0] ; 2.5 V        ; 0 s                 ; 0 s                 ; 2.32 V                       ; 2.27e-05 V                   ; 2.34 V              ; -0.0089 V           ; 0.206 V                              ; 0.058 V                              ; 4.97e-10 s                  ; 5.13e-10 s                  ; Yes                        ; Yes                        ; 2.32 V                      ; 2.27e-05 V                  ; 2.34 V             ; -0.0089 V          ; 0.206 V                             ; 0.058 V                             ; 4.97e-10 s                 ; 5.13e-10 s                 ; Yes                       ; Yes                       ;
; oDisplay4[1] ; 2.5 V        ; 0 s                 ; 0 s                 ; 2.32 V                       ; 2.56e-05 V                   ; 2.38 V              ; -0.026 V            ; 0.249 V                              ; 0.089 V                              ; 4.95e-10 s                  ; 6.01e-10 s                  ; No                         ; Yes                        ; 2.32 V                      ; 2.56e-05 V                  ; 2.38 V             ; -0.026 V           ; 0.249 V                             ; 0.089 V                             ; 4.95e-10 s                 ; 6.01e-10 s                 ; No                        ; Yes                       ;
; oDisplay4[2] ; 2.5 V        ; 0 s                 ; 0 s                 ; 2.32 V                       ; 2.56e-05 V                   ; 2.38 V              ; -0.026 V            ; 0.249 V                              ; 0.089 V                              ; 4.95e-10 s                  ; 6.01e-10 s                  ; No                         ; Yes                        ; 2.32 V                      ; 2.56e-05 V                  ; 2.38 V             ; -0.026 V           ; 0.249 V                             ; 0.089 V                             ; 4.95e-10 s                 ; 6.01e-10 s                 ; No                        ; Yes                       ;
; oDisplay4[3] ; 2.5 V        ; 0 s                 ; 0 s                 ; 2.32 V                       ; 2.27e-05 V                   ; 2.34 V              ; -0.0089 V           ; 0.206 V                              ; 0.058 V                              ; 4.97e-10 s                  ; 5.13e-10 s                  ; Yes                        ; Yes                        ; 2.32 V                      ; 2.27e-05 V                  ; 2.34 V             ; -0.0089 V          ; 0.206 V                             ; 0.058 V                             ; 4.97e-10 s                 ; 5.13e-10 s                 ; Yes                       ; Yes                       ;
; oDisplay4[4] ; 2.5 V        ; 0 s                 ; 0 s                 ; 2.32 V                       ; 2.56e-05 V                   ; 2.38 V              ; -0.026 V            ; 0.249 V                              ; 0.089 V                              ; 4.95e-10 s                  ; 6.01e-10 s                  ; No                         ; Yes                        ; 2.32 V                      ; 2.56e-05 V                  ; 2.38 V             ; -0.026 V           ; 0.249 V                             ; 0.089 V                             ; 4.95e-10 s                 ; 6.01e-10 s                 ; No                        ; Yes                       ;
; oDisplay4[5] ; 2.5 V        ; 0 s                 ; 0 s                 ; 2.32 V                       ; 2.56e-05 V                   ; 2.38 V              ; -0.026 V            ; 0.249 V                              ; 0.089 V                              ; 4.95e-10 s                  ; 6.01e-10 s                  ; No                         ; Yes                        ; 2.32 V                      ; 2.56e-05 V                  ; 2.38 V             ; -0.026 V           ; 0.249 V                             ; 0.089 V                             ; 4.95e-10 s                 ; 6.01e-10 s                 ; No                        ; Yes                       ;
; oDisplay4[6] ; 2.5 V        ; 0 s                 ; 0 s                 ; 2.32 V                       ; 2.27e-05 V                   ; 2.34 V              ; -0.0089 V           ; 0.206 V                              ; 0.058 V                              ; 4.97e-10 s                  ; 5.13e-10 s                  ; Yes                        ; Yes                        ; 2.32 V                      ; 2.27e-05 V                  ; 2.34 V             ; -0.0089 V          ; 0.206 V                             ; 0.058 V                             ; 4.97e-10 s                 ; 5.13e-10 s                 ; Yes                       ; Yes                       ;
; oDisplay5[0] ; 2.5 V        ; 0 s                 ; 0 s                 ; 2.32 V                       ; 2.27e-05 V                   ; 2.34 V              ; -0.0089 V           ; 0.206 V                              ; 0.058 V                              ; 4.97e-10 s                  ; 5.13e-10 s                  ; Yes                        ; Yes                        ; 2.32 V                      ; 2.27e-05 V                  ; 2.34 V             ; -0.0089 V          ; 0.206 V                             ; 0.058 V                             ; 4.97e-10 s                 ; 5.13e-10 s                 ; Yes                       ; Yes                       ;
; oDisplay5[1] ; 2.5 V        ; 0 s                 ; 0 s                 ; 2.32 V                       ; 2.56e-05 V                   ; 2.38 V              ; -0.026 V            ; 0.249 V                              ; 0.089 V                              ; 4.95e-10 s                  ; 6.01e-10 s                  ; No                         ; Yes                        ; 2.32 V                      ; 2.56e-05 V                  ; 2.38 V             ; -0.026 V           ; 0.249 V                             ; 0.089 V                             ; 4.95e-10 s                 ; 6.01e-10 s                 ; No                        ; Yes                       ;
; oDisplay5[2] ; 2.5 V        ; 0 s                 ; 0 s                 ; 2.32 V                       ; 2.56e-05 V                   ; 2.38 V              ; -0.026 V            ; 0.249 V                              ; 0.089 V                              ; 4.95e-10 s                  ; 6.01e-10 s                  ; No                         ; Yes                        ; 2.32 V                      ; 2.56e-05 V                  ; 2.38 V             ; -0.026 V           ; 0.249 V                             ; 0.089 V                             ; 4.95e-10 s                 ; 6.01e-10 s                 ; No                        ; Yes                       ;
; oDisplay5[3] ; 2.5 V        ; 0 s                 ; 0 s                 ; 2.32 V                       ; 2.27e-05 V                   ; 2.34 V              ; -0.0089 V           ; 0.206 V                              ; 0.058 V                              ; 4.97e-10 s                  ; 5.13e-10 s                  ; Yes                        ; Yes                        ; 2.32 V                      ; 2.27e-05 V                  ; 2.34 V             ; -0.0089 V          ; 0.206 V                             ; 0.058 V                             ; 4.97e-10 s                 ; 5.13e-10 s                 ; Yes                       ; Yes                       ;
; oDisplay5[4] ; 2.5 V        ; 0 s                 ; 0 s                 ; 2.32 V                       ; 2.27e-05 V                   ; 2.34 V              ; -0.0089 V           ; 0.206 V                              ; 0.058 V                              ; 4.97e-10 s                  ; 5.13e-10 s                  ; Yes                        ; Yes                        ; 2.32 V                      ; 2.27e-05 V                  ; 2.34 V             ; -0.0089 V          ; 0.206 V                             ; 0.058 V                             ; 4.97e-10 s                 ; 5.13e-10 s                 ; Yes                       ; Yes                       ;
; oDisplay5[5] ; 2.5 V        ; 0 s                 ; 0 s                 ; 2.32 V                       ; 2.27e-05 V                   ; 2.34 V              ; -0.0089 V           ; 0.206 V                              ; 0.058 V                              ; 4.97e-10 s                  ; 5.13e-10 s                  ; Yes                        ; Yes                        ; 2.32 V                      ; 2.27e-05 V                  ; 2.34 V             ; -0.0089 V          ; 0.206 V                             ; 0.058 V                             ; 4.97e-10 s                 ; 5.13e-10 s                 ; Yes                       ; Yes                       ;
; oDisplay5[6] ; 2.5 V        ; 0 s                 ; 0 s                 ; 2.32 V                       ; 2.52e-05 V                   ; 2.38 V              ; -0.032 V            ; 0.204 V                              ; 0.181 V                              ; 4.74e-10 s                  ; 4.85e-10 s                  ; No                         ; Yes                        ; 2.32 V                      ; 2.52e-05 V                  ; 2.38 V             ; -0.032 V           ; 0.204 V                             ; 0.181 V                             ; 4.74e-10 s                 ; 4.85e-10 s                 ; No                        ; Yes                       ;
; oDisplay6[0] ; 2.5 V        ; 0 s                 ; 0 s                 ; 2.32 V                       ; 2.56e-05 V                   ; 2.38 V              ; -0.026 V            ; 0.249 V                              ; 0.089 V                              ; 4.95e-10 s                  ; 6.01e-10 s                  ; No                         ; Yes                        ; 2.32 V                      ; 2.56e-05 V                  ; 2.38 V             ; -0.026 V           ; 0.249 V                             ; 0.089 V                             ; 4.95e-10 s                 ; 6.01e-10 s                 ; No                        ; Yes                       ;
; oDisplay6[1] ; 2.5 V        ; 0 s                 ; 0 s                 ; 2.32 V                       ; 2.52e-05 V                   ; 2.38 V              ; -0.032 V            ; 0.204 V                              ; 0.181 V                              ; 4.74e-10 s                  ; 4.85e-10 s                  ; No                         ; Yes                        ; 2.32 V                      ; 2.52e-05 V                  ; 2.38 V             ; -0.032 V           ; 0.204 V                             ; 0.181 V                             ; 4.74e-10 s                 ; 4.85e-10 s                 ; No                        ; Yes                       ;
; oDisplay6[2] ; 2.5 V        ; 0 s                 ; 0 s                 ; 2.32 V                       ; 2.52e-05 V                   ; 2.38 V              ; -0.0315 V           ; 0.205 V                              ; 0.182 V                              ; 4.74e-10 s                  ; 4.85e-10 s                  ; No                         ; Yes                        ; 2.32 V                      ; 2.52e-05 V                  ; 2.38 V             ; -0.0315 V          ; 0.205 V                             ; 0.182 V                             ; 4.74e-10 s                 ; 4.85e-10 s                 ; No                        ; Yes                       ;
; oDisplay6[3] ; 2.5 V        ; 0 s                 ; 0 s                 ; 2.32 V                       ; 2.27e-05 V                   ; 2.34 V              ; -0.0089 V           ; 0.206 V                              ; 0.058 V                              ; 4.97e-10 s                  ; 5.13e-10 s                  ; Yes                        ; Yes                        ; 2.32 V                      ; 2.27e-05 V                  ; 2.34 V             ; -0.0089 V          ; 0.206 V                             ; 0.058 V                             ; 4.97e-10 s                 ; 5.13e-10 s                 ; Yes                       ; Yes                       ;
; oDisplay6[4] ; 2.5 V        ; 0 s                 ; 0 s                 ; 2.32 V                       ; 2.27e-05 V                   ; 2.34 V              ; -0.0089 V           ; 0.206 V                              ; 0.058 V                              ; 4.97e-10 s                  ; 5.13e-10 s                  ; Yes                        ; Yes                        ; 2.32 V                      ; 2.27e-05 V                  ; 2.34 V             ; -0.0089 V          ; 0.206 V                             ; 0.058 V                             ; 4.97e-10 s                 ; 5.13e-10 s                 ; Yes                       ; Yes                       ;
; oDisplay6[5] ; 2.5 V        ; 0 s                 ; 0 s                 ; 2.32 V                       ; 2.27e-05 V                   ; 2.34 V              ; -0.0089 V           ; 0.206 V                              ; 0.058 V                              ; 4.97e-10 s                  ; 5.13e-10 s                  ; Yes                        ; Yes                        ; 2.32 V                      ; 2.27e-05 V                  ; 2.34 V             ; -0.0089 V          ; 0.206 V                             ; 0.058 V                             ; 4.97e-10 s                 ; 5.13e-10 s                 ; Yes                       ; Yes                       ;
; oDisplay6[6] ; 2.5 V        ; 0 s                 ; 0 s                 ; 2.32 V                       ; 2.56e-05 V                   ; 2.38 V              ; -0.026 V            ; 0.249 V                              ; 0.089 V                              ; 4.95e-10 s                  ; 6.01e-10 s                  ; No                         ; Yes                        ; 2.32 V                      ; 2.56e-05 V                  ; 2.38 V             ; -0.026 V           ; 0.249 V                             ; 0.089 V                             ; 4.95e-10 s                 ; 6.01e-10 s                 ; No                        ; Yes                       ;
+--------------+--------------+---------------------+---------------------+------------------------------+------------------------------+---------------------+---------------------+--------------------------------------+--------------------------------------+-----------------------------+-----------------------------+----------------------------+----------------------------+-----------------------------+-----------------------------+--------------------+--------------------+-------------------------------------+-------------------------------------+----------------------------+----------------------------+---------------------------+---------------------------+


+-------------------------------------------------------------------------------------------------------------------------------------------------------------------------------------------------------------------------------------------------------------------------------------------------------------------------------------------------------------------------------------------------------------------------------------------------------------------------------------------------------------------------------------------------------------------------------------------------------------------------------------------------------------------------------------------+
; Signal Integrity Metrics (Fast 1100mv 0c Model)                                                                                                                                                                                                                                                                                                                                                                                                                                                                                                                                                                                                                                           ;
+--------------+--------------+---------------------+---------------------+------------------------------+------------------------------+---------------------+---------------------+--------------------------------------+--------------------------------------+-----------------------------+-----------------------------+----------------------------+----------------------------+-----------------------------+-----------------------------+--------------------+--------------------+-------------------------------------+-------------------------------------+----------------------------+----------------------------+---------------------------+---------------------------+
; Pin          ; I/O Standard ; Board Delay on Rise ; Board Delay on Fall ; Steady State Voh at FPGA Pin ; Steady State Vol at FPGA Pin ; Voh Max at FPGA Pin ; Vol Min at FPGA Pin ; Ringback Voltage on Rise at FPGA Pin ; Ringback Voltage on Fall at FPGA Pin ; 10-90 Rise Time at FPGA Pin ; 90-10 Fall Time at FPGA Pin ; Monotonic Rise at FPGA Pin ; Monotonic Fall at FPGA Pin ; Steady State Voh at Far-end ; Steady State Vol at Far-end ; Voh Max at Far-end ; Vol Min at Far-end ; Ringback Voltage on Rise at Far-end ; Ringback Voltage on Fall at Far-end ; 10-90 Rise Time at Far-end ; 90-10 Fall Time at Far-end ; Monotonic Rise at Far-end ; Monotonic Fall at Far-end ;
+--------------+--------------+---------------------+---------------------+------------------------------+------------------------------+---------------------+---------------------+--------------------------------------+--------------------------------------+-----------------------------+-----------------------------+----------------------------+----------------------------+-----------------------------+-----------------------------+--------------------+--------------------+-------------------------------------+-------------------------------------+----------------------------+----------------------------+---------------------------+---------------------------+
; oDisplay1[0] ; 2.5 V        ; 0 s                 ; 0 s                 ; 2.75 V                       ; 4.14e-06 V                   ; 2.91 V              ; -0.119 V            ; 0.326 V                              ; 0.298 V                              ; 2.74e-10 s                  ; 2.8e-10 s                   ; No                         ; No                         ; 2.75 V                      ; 4.14e-06 V                  ; 2.91 V             ; -0.119 V           ; 0.326 V                             ; 0.298 V                             ; 2.74e-10 s                 ; 2.8e-10 s                  ; No                        ; No                        ;
; oDisplay1[1] ; 2.5 V        ; 0 s                 ; 0 s                 ; 2.75 V                       ; 4.14e-06 V                   ; 2.91 V              ; -0.121 V            ; 0.326 V                              ; 0.297 V                              ; 2.74e-10 s                  ; 2.8e-10 s                   ; No                         ; No                         ; 2.75 V                      ; 4.14e-06 V                  ; 2.91 V             ; -0.121 V           ; 0.326 V                             ; 0.297 V                             ; 2.74e-10 s                 ; 2.8e-10 s                  ; No                        ; No                        ;
; oDisplay1[2] ; 2.5 V        ; 0 s                 ; 0 s                 ; 2.75 V                       ; 4.14e-06 V                   ; 2.91 V              ; -0.121 V            ; 0.326 V                              ; 0.297 V                              ; 2.74e-10 s                  ; 2.8e-10 s                   ; No                         ; No                         ; 2.75 V                      ; 4.14e-06 V                  ; 2.91 V             ; -0.121 V           ; 0.326 V                             ; 0.297 V                             ; 2.74e-10 s                 ; 2.8e-10 s                  ; No                        ; No                        ;
; oDisplay1[3] ; 2.5 V        ; 0 s                 ; 0 s                 ; 2.75 V                       ; 4.14e-06 V                   ; 2.91 V              ; -0.119 V            ; 0.326 V                              ; 0.298 V                              ; 2.74e-10 s                  ; 2.8e-10 s                   ; No                         ; No                         ; 2.75 V                      ; 4.14e-06 V                  ; 2.91 V             ; -0.119 V           ; 0.326 V                             ; 0.298 V                             ; 2.74e-10 s                 ; 2.8e-10 s                  ; No                        ; No                        ;
; oDisplay1[4] ; 2.5 V        ; 0 s                 ; 0 s                 ; 2.75 V                       ; 4.14e-06 V                   ; 2.91 V              ; -0.119 V            ; 0.326 V                              ; 0.298 V                              ; 2.74e-10 s                  ; 2.8e-10 s                   ; No                         ; No                         ; 2.75 V                      ; 4.14e-06 V                  ; 2.91 V             ; -0.119 V           ; 0.326 V                             ; 0.298 V                             ; 2.74e-10 s                 ; 2.8e-10 s                  ; No                        ; No                        ;
; oDisplay1[5] ; 2.5 V        ; 0 s                 ; 0 s                 ; 2.75 V                       ; 4.14e-06 V                   ; 2.91 V              ; -0.119 V            ; 0.326 V                              ; 0.298 V                              ; 2.74e-10 s                  ; 2.8e-10 s                   ; No                         ; No                         ; 2.75 V                      ; 4.14e-06 V                  ; 2.91 V             ; -0.119 V           ; 0.326 V                             ; 0.298 V                             ; 2.74e-10 s                 ; 2.8e-10 s                  ; No                        ; No                        ;
; oDisplay1[6] ; 2.5 V        ; 0 s                 ; 0 s                 ; 2.75 V                       ; 4.14e-06 V                   ; 2.91 V              ; -0.121 V            ; 0.326 V                              ; 0.297 V                              ; 2.74e-10 s                  ; 2.8e-10 s                   ; No                         ; No                         ; 2.75 V                      ; 4.14e-06 V                  ; 2.91 V             ; -0.121 V           ; 0.326 V                             ; 0.297 V                             ; 2.74e-10 s                 ; 2.8e-10 s                  ; No                        ; No                        ;
; oDisplay2[0] ; 2.5 V        ; 0 s                 ; 0 s                 ; 2.75 V                       ; 4.14e-06 V                   ; 2.91 V              ; -0.121 V            ; 0.326 V                              ; 0.297 V                              ; 2.74e-10 s                  ; 2.8e-10 s                   ; No                         ; No                         ; 2.75 V                      ; 4.14e-06 V                  ; 2.91 V             ; -0.121 V           ; 0.326 V                             ; 0.297 V                             ; 2.74e-10 s                 ; 2.8e-10 s                  ; No                        ; No                        ;
; oDisplay2[1] ; 2.5 V        ; 0 s                 ; 0 s                 ; 2.75 V                       ; 4.14e-06 V                   ; 2.91 V              ; -0.121 V            ; 0.326 V                              ; 0.297 V                              ; 2.74e-10 s                  ; 2.8e-10 s                   ; No                         ; No                         ; 2.75 V                      ; 4.14e-06 V                  ; 2.91 V             ; -0.121 V           ; 0.326 V                             ; 0.297 V                             ; 2.74e-10 s                 ; 2.8e-10 s                  ; No                        ; No                        ;
; oDisplay2[2] ; 2.5 V        ; 0 s                 ; 0 s                 ; 2.75 V                       ; 4.14e-06 V                   ; 2.91 V              ; -0.119 V            ; 0.326 V                              ; 0.298 V                              ; 2.74e-10 s                  ; 2.8e-10 s                   ; No                         ; No                         ; 2.75 V                      ; 4.14e-06 V                  ; 2.91 V             ; -0.119 V           ; 0.326 V                             ; 0.298 V                             ; 2.74e-10 s                 ; 2.8e-10 s                  ; No                        ; No                        ;
; oDisplay2[3] ; 2.5 V        ; 0 s                 ; 0 s                 ; 2.75 V                       ; 4.14e-06 V                   ; 2.91 V              ; -0.119 V            ; 0.326 V                              ; 0.298 V                              ; 2.74e-10 s                  ; 2.8e-10 s                   ; No                         ; No                         ; 2.75 V                      ; 4.14e-06 V                  ; 2.91 V             ; -0.119 V           ; 0.326 V                             ; 0.298 V                             ; 2.74e-10 s                 ; 2.8e-10 s                  ; No                        ; No                        ;
; oDisplay2[4] ; 2.5 V        ; 0 s                 ; 0 s                 ; 2.75 V                       ; 4.14e-06 V                   ; 2.91 V              ; -0.121 V            ; 0.326 V                              ; 0.297 V                              ; 2.74e-10 s                  ; 2.8e-10 s                   ; No                         ; No                         ; 2.75 V                      ; 4.14e-06 V                  ; 2.91 V             ; -0.121 V           ; 0.326 V                             ; 0.297 V                             ; 2.74e-10 s                 ; 2.8e-10 s                  ; No                        ; No                        ;
; oDisplay2[5] ; 2.5 V        ; 0 s                 ; 0 s                 ; 2.75 V                       ; 4.14e-06 V                   ; 2.91 V              ; -0.121 V            ; 0.326 V                              ; 0.297 V                              ; 2.74e-10 s                  ; 2.8e-10 s                   ; No                         ; No                         ; 2.75 V                      ; 4.14e-06 V                  ; 2.91 V             ; -0.121 V           ; 0.326 V                             ; 0.297 V                             ; 2.74e-10 s                 ; 2.8e-10 s                  ; No                        ; No                        ;
; oDisplay2[6] ; 2.5 V        ; 0 s                 ; 0 s                 ; 2.75 V                       ; 4.14e-06 V                   ; 2.91 V              ; -0.119 V            ; 0.326 V                              ; 0.298 V                              ; 2.74e-10 s                  ; 2.8e-10 s                   ; No                         ; No                         ; 2.75 V                      ; 4.14e-06 V                  ; 2.91 V             ; -0.119 V           ; 0.326 V                             ; 0.298 V                             ; 2.74e-10 s                 ; 2.8e-10 s                  ; No                        ; No                        ;
; oDisplay3[0] ; 2.5 V        ; 0 s                 ; 0 s                 ; 2.75 V                       ; 4.14e-06 V                   ; 2.91 V              ; -0.119 V            ; 0.326 V                              ; 0.298 V                              ; 2.74e-10 s                  ; 2.8e-10 s                   ; No                         ; No                         ; 2.75 V                      ; 4.14e-06 V                  ; 2.91 V             ; -0.119 V           ; 0.326 V                             ; 0.298 V                             ; 2.74e-10 s                 ; 2.8e-10 s                  ; No                        ; No                        ;
; oDisplay3[1] ; 2.5 V        ; 0 s                 ; 0 s                 ; 2.75 V                       ; 4.14e-06 V                   ; 2.91 V              ; -0.121 V            ; 0.326 V                              ; 0.297 V                              ; 2.74e-10 s                  ; 2.8e-10 s                   ; No                         ; No                         ; 2.75 V                      ; 4.14e-06 V                  ; 2.91 V             ; -0.121 V           ; 0.326 V                             ; 0.297 V                             ; 2.74e-10 s                 ; 2.8e-10 s                  ; No                        ; No                        ;
; oDisplay3[2] ; 2.5 V        ; 0 s                 ; 0 s                 ; 2.75 V                       ; 3.54e-06 V                   ; 2.81 V              ; -0.0578 V           ; 0.303 V                              ; 0.28 V                               ; 2.93e-10 s                  ; 3.01e-10 s                  ; No                         ; No                         ; 2.75 V                      ; 3.54e-06 V                  ; 2.81 V             ; -0.0578 V          ; 0.303 V                             ; 0.28 V                              ; 2.93e-10 s                 ; 3.01e-10 s                 ; No                        ; No                        ;
; oDisplay3[3] ; 2.5 V        ; 0 s                 ; 0 s                 ; 2.75 V                       ; 3.54e-06 V                   ; 2.81 V              ; -0.0578 V           ; 0.303 V                              ; 0.28 V                               ; 2.93e-10 s                  ; 3.01e-10 s                  ; No                         ; No                         ; 2.75 V                      ; 3.54e-06 V                  ; 2.81 V             ; -0.0578 V          ; 0.303 V                             ; 0.28 V                              ; 2.93e-10 s                 ; 3.01e-10 s                 ; No                        ; No                        ;
; oDisplay3[4] ; 2.5 V        ; 0 s                 ; 0 s                 ; 2.75 V                       ; 4.14e-06 V                   ; 2.91 V              ; -0.121 V            ; 0.326 V                              ; 0.297 V                              ; 2.74e-10 s                  ; 2.8e-10 s                   ; No                         ; No                         ; 2.75 V                      ; 4.14e-06 V                  ; 2.91 V             ; -0.121 V           ; 0.326 V                             ; 0.297 V                             ; 2.74e-10 s                 ; 2.8e-10 s                  ; No                        ; No                        ;
; oDisplay3[5] ; 2.5 V        ; 0 s                 ; 0 s                 ; 2.75 V                       ; 4.14e-06 V                   ; 2.91 V              ; -0.121 V            ; 0.326 V                              ; 0.297 V                              ; 2.74e-10 s                  ; 2.8e-10 s                   ; No                         ; No                         ; 2.75 V                      ; 4.14e-06 V                  ; 2.91 V             ; -0.121 V           ; 0.326 V                             ; 0.297 V                             ; 2.74e-10 s                 ; 2.8e-10 s                  ; No                        ; No                        ;
; oDisplay3[6] ; 2.5 V        ; 0 s                 ; 0 s                 ; 2.75 V                       ; 4.25e-06 V                   ; 2.9 V               ; -0.107 V            ; 0.378 V                              ; 0.16 V                               ; 2.87e-10 s                  ; 4.28e-10 s                  ; No                         ; No                         ; 2.75 V                      ; 4.25e-06 V                  ; 2.9 V              ; -0.107 V           ; 0.378 V                             ; 0.16 V                              ; 2.87e-10 s                 ; 4.28e-10 s                 ; No                        ; No                        ;
; oDisplay4[0] ; 2.5 V        ; 0 s                 ; 0 s                 ; 2.75 V                       ; 3.54e-06 V                   ; 2.81 V              ; -0.0578 V           ; 0.303 V                              ; 0.28 V                               ; 2.93e-10 s                  ; 3.01e-10 s                  ; No                         ; No                         ; 2.75 V                      ; 3.54e-06 V                  ; 2.81 V             ; -0.0578 V          ; 0.303 V                             ; 0.28 V                              ; 2.93e-10 s                 ; 3.01e-10 s                 ; No                        ; No                        ;
; oDisplay4[1] ; 2.5 V        ; 0 s                 ; 0 s                 ; 2.75 V                       ; 4.25e-06 V                   ; 2.9 V               ; -0.107 V            ; 0.378 V                              ; 0.16 V                               ; 2.87e-10 s                  ; 4.28e-10 s                  ; No                         ; No                         ; 2.75 V                      ; 4.25e-06 V                  ; 2.9 V              ; -0.107 V           ; 0.378 V                             ; 0.16 V                              ; 2.87e-10 s                 ; 4.28e-10 s                 ; No                        ; No                        ;
; oDisplay4[2] ; 2.5 V        ; 0 s                 ; 0 s                 ; 2.75 V                       ; 4.25e-06 V                   ; 2.9 V               ; -0.107 V            ; 0.378 V                              ; 0.16 V                               ; 2.87e-10 s                  ; 4.28e-10 s                  ; No                         ; No                         ; 2.75 V                      ; 4.25e-06 V                  ; 2.9 V              ; -0.107 V           ; 0.378 V                             ; 0.16 V                              ; 2.87e-10 s                 ; 4.28e-10 s                 ; No                        ; No                        ;
; oDisplay4[3] ; 2.5 V        ; 0 s                 ; 0 s                 ; 2.75 V                       ; 3.54e-06 V                   ; 2.81 V              ; -0.0578 V           ; 0.303 V                              ; 0.28 V                               ; 2.93e-10 s                  ; 3.01e-10 s                  ; No                         ; No                         ; 2.75 V                      ; 3.54e-06 V                  ; 2.81 V             ; -0.0578 V          ; 0.303 V                             ; 0.28 V                              ; 2.93e-10 s                 ; 3.01e-10 s                 ; No                        ; No                        ;
; oDisplay4[4] ; 2.5 V        ; 0 s                 ; 0 s                 ; 2.75 V                       ; 4.25e-06 V                   ; 2.9 V               ; -0.107 V            ; 0.378 V                              ; 0.16 V                               ; 2.87e-10 s                  ; 4.28e-10 s                  ; No                         ; No                         ; 2.75 V                      ; 4.25e-06 V                  ; 2.9 V              ; -0.107 V           ; 0.378 V                             ; 0.16 V                              ; 2.87e-10 s                 ; 4.28e-10 s                 ; No                        ; No                        ;
; oDisplay4[5] ; 2.5 V        ; 0 s                 ; 0 s                 ; 2.75 V                       ; 4.25e-06 V                   ; 2.9 V               ; -0.107 V            ; 0.378 V                              ; 0.16 V                               ; 2.87e-10 s                  ; 4.28e-10 s                  ; No                         ; No                         ; 2.75 V                      ; 4.25e-06 V                  ; 2.9 V              ; -0.107 V           ; 0.378 V                             ; 0.16 V                              ; 2.87e-10 s                 ; 4.28e-10 s                 ; No                        ; No                        ;
; oDisplay4[6] ; 2.5 V        ; 0 s                 ; 0 s                 ; 2.75 V                       ; 3.54e-06 V                   ; 2.81 V              ; -0.0578 V           ; 0.303 V                              ; 0.28 V                               ; 2.93e-10 s                  ; 3.01e-10 s                  ; No                         ; No                         ; 2.75 V                      ; 3.54e-06 V                  ; 2.81 V             ; -0.0578 V          ; 0.303 V                             ; 0.28 V                              ; 2.93e-10 s                 ; 3.01e-10 s                 ; No                        ; No                        ;
; oDisplay5[0] ; 2.5 V        ; 0 s                 ; 0 s                 ; 2.75 V                       ; 3.54e-06 V                   ; 2.81 V              ; -0.0578 V           ; 0.303 V                              ; 0.28 V                               ; 2.93e-10 s                  ; 3.01e-10 s                  ; No                         ; No                         ; 2.75 V                      ; 3.54e-06 V                  ; 2.81 V             ; -0.0578 V          ; 0.303 V                             ; 0.28 V                              ; 2.93e-10 s                 ; 3.01e-10 s                 ; No                        ; No                        ;
; oDisplay5[1] ; 2.5 V        ; 0 s                 ; 0 s                 ; 2.75 V                       ; 4.25e-06 V                   ; 2.9 V               ; -0.107 V            ; 0.378 V                              ; 0.16 V                               ; 2.87e-10 s                  ; 4.28e-10 s                  ; No                         ; No                         ; 2.75 V                      ; 4.25e-06 V                  ; 2.9 V              ; -0.107 V           ; 0.378 V                             ; 0.16 V                              ; 2.87e-10 s                 ; 4.28e-10 s                 ; No                        ; No                        ;
; oDisplay5[2] ; 2.5 V        ; 0 s                 ; 0 s                 ; 2.75 V                       ; 4.25e-06 V                   ; 2.9 V               ; -0.107 V            ; 0.378 V                              ; 0.16 V                               ; 2.87e-10 s                  ; 4.28e-10 s                  ; No                         ; No                         ; 2.75 V                      ; 4.25e-06 V                  ; 2.9 V              ; -0.107 V           ; 0.378 V                             ; 0.16 V                              ; 2.87e-10 s                 ; 4.28e-10 s                 ; No                        ; No                        ;
; oDisplay5[3] ; 2.5 V        ; 0 s                 ; 0 s                 ; 2.75 V                       ; 3.54e-06 V                   ; 2.81 V              ; -0.0578 V           ; 0.303 V                              ; 0.28 V                               ; 2.93e-10 s                  ; 3.01e-10 s                  ; No                         ; No                         ; 2.75 V                      ; 3.54e-06 V                  ; 2.81 V             ; -0.0578 V          ; 0.303 V                             ; 0.28 V                              ; 2.93e-10 s                 ; 3.01e-10 s                 ; No                        ; No                        ;
; oDisplay5[4] ; 2.5 V        ; 0 s                 ; 0 s                 ; 2.75 V                       ; 3.54e-06 V                   ; 2.81 V              ; -0.0578 V           ; 0.303 V                              ; 0.28 V                               ; 2.93e-10 s                  ; 3.01e-10 s                  ; No                         ; No                         ; 2.75 V                      ; 3.54e-06 V                  ; 2.81 V             ; -0.0578 V          ; 0.303 V                             ; 0.28 V                              ; 2.93e-10 s                 ; 3.01e-10 s                 ; No                        ; No                        ;
; oDisplay5[5] ; 2.5 V        ; 0 s                 ; 0 s                 ; 2.75 V                       ; 3.54e-06 V                   ; 2.81 V              ; -0.0578 V           ; 0.303 V                              ; 0.28 V                               ; 2.93e-10 s                  ; 3.01e-10 s                  ; No                         ; No                         ; 2.75 V                      ; 3.54e-06 V                  ; 2.81 V             ; -0.0578 V          ; 0.303 V                             ; 0.28 V                              ; 2.93e-10 s                 ; 3.01e-10 s                 ; No                        ; No                        ;
; oDisplay5[6] ; 2.5 V        ; 0 s                 ; 0 s                 ; 2.75 V                       ; 4.14e-06 V                   ; 2.91 V              ; -0.119 V            ; 0.326 V                              ; 0.298 V                              ; 2.74e-10 s                  ; 2.8e-10 s                   ; No                         ; No                         ; 2.75 V                      ; 4.14e-06 V                  ; 2.91 V             ; -0.119 V           ; 0.326 V                             ; 0.298 V                             ; 2.74e-10 s                 ; 2.8e-10 s                  ; No                        ; No                        ;
; oDisplay6[0] ; 2.5 V        ; 0 s                 ; 0 s                 ; 2.75 V                       ; 4.25e-06 V                   ; 2.9 V               ; -0.107 V            ; 0.378 V                              ; 0.16 V                               ; 2.87e-10 s                  ; 4.28e-10 s                  ; No                         ; No                         ; 2.75 V                      ; 4.25e-06 V                  ; 2.9 V              ; -0.107 V           ; 0.378 V                             ; 0.16 V                              ; 2.87e-10 s                 ; 4.28e-10 s                 ; No                        ; No                        ;
; oDisplay6[1] ; 2.5 V        ; 0 s                 ; 0 s                 ; 2.75 V                       ; 4.14e-06 V                   ; 2.91 V              ; -0.119 V            ; 0.326 V                              ; 0.298 V                              ; 2.74e-10 s                  ; 2.8e-10 s                   ; No                         ; No                         ; 2.75 V                      ; 4.14e-06 V                  ; 2.91 V             ; -0.119 V           ; 0.326 V                             ; 0.298 V                             ; 2.74e-10 s                 ; 2.8e-10 s                  ; No                        ; No                        ;
; oDisplay6[2] ; 2.5 V        ; 0 s                 ; 0 s                 ; 2.75 V                       ; 4.14e-06 V                   ; 2.91 V              ; -0.121 V            ; 0.326 V                              ; 0.297 V                              ; 2.74e-10 s                  ; 2.8e-10 s                   ; No                         ; No                         ; 2.75 V                      ; 4.14e-06 V                  ; 2.91 V             ; -0.121 V           ; 0.326 V                             ; 0.297 V                             ; 2.74e-10 s                 ; 2.8e-10 s                  ; No                        ; No                        ;
; oDisplay6[3] ; 2.5 V        ; 0 s                 ; 0 s                 ; 2.75 V                       ; 3.54e-06 V                   ; 2.81 V              ; -0.0578 V           ; 0.303 V                              ; 0.28 V                               ; 2.93e-10 s                  ; 3.01e-10 s                  ; No                         ; No                         ; 2.75 V                      ; 3.54e-06 V                  ; 2.81 V             ; -0.0578 V          ; 0.303 V                             ; 0.28 V                              ; 2.93e-10 s                 ; 3.01e-10 s                 ; No                        ; No                        ;
; oDisplay6[4] ; 2.5 V        ; 0 s                 ; 0 s                 ; 2.75 V                       ; 3.54e-06 V                   ; 2.81 V              ; -0.0578 V           ; 0.303 V                              ; 0.28 V                               ; 2.93e-10 s                  ; 3.01e-10 s                  ; No                         ; No                         ; 2.75 V                      ; 3.54e-06 V                  ; 2.81 V             ; -0.0578 V          ; 0.303 V                             ; 0.28 V                              ; 2.93e-10 s                 ; 3.01e-10 s                 ; No                        ; No                        ;
; oDisplay6[5] ; 2.5 V        ; 0 s                 ; 0 s                 ; 2.75 V                       ; 3.54e-06 V                   ; 2.81 V              ; -0.0578 V           ; 0.303 V                              ; 0.28 V                               ; 2.93e-10 s                  ; 3.01e-10 s                  ; No                         ; No                         ; 2.75 V                      ; 3.54e-06 V                  ; 2.81 V             ; -0.0578 V          ; 0.303 V                             ; 0.28 V                              ; 2.93e-10 s                 ; 3.01e-10 s                 ; No                        ; No                        ;
; oDisplay6[6] ; 2.5 V        ; 0 s                 ; 0 s                 ; 2.75 V                       ; 4.25e-06 V                   ; 2.9 V               ; -0.107 V            ; 0.378 V                              ; 0.16 V                               ; 2.87e-10 s                  ; 4.28e-10 s                  ; No                         ; No                         ; 2.75 V                      ; 4.25e-06 V                  ; 2.9 V              ; -0.107 V           ; 0.378 V                             ; 0.16 V                              ; 2.87e-10 s                 ; 4.28e-10 s                 ; No                        ; No                        ;
+--------------+--------------+---------------------+---------------------+------------------------------+------------------------------+---------------------+---------------------+--------------------------------------+--------------------------------------+-----------------------------+-----------------------------+----------------------------+----------------------------+-----------------------------+-----------------------------+--------------------+--------------------+-------------------------------------+-------------------------------------+----------------------------+----------------------------+---------------------------+---------------------------+


+-------------------------------------------------------------------------------------------------------------------------------------------------------------------------------------------------------------------------------------------------------------------------------------------------------------------------------------------------------------------------------------------------------------------------------------------------------------------------------------------------------------------------------------------------------------------------------------------------------------------------------------------------------------------------------------------+
; Signal Integrity Metrics (Fast 1100mv 85c Model)                                                                                                                                                                                                                                                                                                                                                                                                                                                                                                                                                                                                                                          ;
+--------------+--------------+---------------------+---------------------+------------------------------+------------------------------+---------------------+---------------------+--------------------------------------+--------------------------------------+-----------------------------+-----------------------------+----------------------------+----------------------------+-----------------------------+-----------------------------+--------------------+--------------------+-------------------------------------+-------------------------------------+----------------------------+----------------------------+---------------------------+---------------------------+
; Pin          ; I/O Standard ; Board Delay on Rise ; Board Delay on Fall ; Steady State Voh at FPGA Pin ; Steady State Vol at FPGA Pin ; Voh Max at FPGA Pin ; Vol Min at FPGA Pin ; Ringback Voltage on Rise at FPGA Pin ; Ringback Voltage on Fall at FPGA Pin ; 10-90 Rise Time at FPGA Pin ; 90-10 Fall Time at FPGA Pin ; Monotonic Rise at FPGA Pin ; Monotonic Fall at FPGA Pin ; Steady State Voh at Far-end ; Steady State Vol at Far-end ; Voh Max at Far-end ; Vol Min at Far-end ; Ringback Voltage on Rise at Far-end ; Ringback Voltage on Fall at Far-end ; 10-90 Rise Time at Far-end ; 90-10 Fall Time at Far-end ; Monotonic Rise at Far-end ; Monotonic Fall at Far-end ;
+--------------+--------------+---------------------+---------------------+------------------------------+------------------------------+---------------------+---------------------+--------------------------------------+--------------------------------------+-----------------------------+-----------------------------+----------------------------+----------------------------+-----------------------------+-----------------------------+--------------------+--------------------+-------------------------------------+-------------------------------------+----------------------------+----------------------------+---------------------------+---------------------------+
; oDisplay1[0] ; 2.5 V        ; 0 s                 ; 0 s                 ; 2.75 V                       ; 0.000242 V                   ; 2.86 V              ; -0.0805 V           ; 0.358 V                              ; 0.156 V                              ; 3.01e-10 s                  ; 4.34e-10 s                  ; No                         ; No                         ; 2.75 V                      ; 0.000242 V                  ; 2.86 V             ; -0.0805 V          ; 0.358 V                             ; 0.156 V                             ; 3.01e-10 s                 ; 4.34e-10 s                 ; No                        ; No                        ;
; oDisplay1[1] ; 2.5 V        ; 0 s                 ; 0 s                 ; 2.75 V                       ; 0.000242 V                   ; 2.86 V              ; -0.0814 V           ; 0.36 V                               ; 0.156 V                              ; 3e-10 s                     ; 4.34e-10 s                  ; No                         ; No                         ; 2.75 V                      ; 0.000242 V                  ; 2.86 V             ; -0.0814 V          ; 0.36 V                              ; 0.156 V                             ; 3e-10 s                    ; 4.34e-10 s                 ; No                        ; No                        ;
; oDisplay1[2] ; 2.5 V        ; 0 s                 ; 0 s                 ; 2.75 V                       ; 0.000242 V                   ; 2.86 V              ; -0.0814 V           ; 0.36 V                               ; 0.156 V                              ; 3e-10 s                     ; 4.34e-10 s                  ; No                         ; No                         ; 2.75 V                      ; 0.000242 V                  ; 2.86 V             ; -0.0814 V          ; 0.36 V                              ; 0.156 V                             ; 3e-10 s                    ; 4.34e-10 s                 ; No                        ; No                        ;
; oDisplay1[3] ; 2.5 V        ; 0 s                 ; 0 s                 ; 2.75 V                       ; 0.000242 V                   ; 2.86 V              ; -0.0805 V           ; 0.358 V                              ; 0.156 V                              ; 3.01e-10 s                  ; 4.34e-10 s                  ; No                         ; No                         ; 2.75 V                      ; 0.000242 V                  ; 2.86 V             ; -0.0805 V          ; 0.358 V                             ; 0.156 V                             ; 3.01e-10 s                 ; 4.34e-10 s                 ; No                        ; No                        ;
; oDisplay1[4] ; 2.5 V        ; 0 s                 ; 0 s                 ; 2.75 V                       ; 0.000242 V                   ; 2.86 V              ; -0.0805 V           ; 0.358 V                              ; 0.156 V                              ; 3.01e-10 s                  ; 4.34e-10 s                  ; No                         ; No                         ; 2.75 V                      ; 0.000242 V                  ; 2.86 V             ; -0.0805 V          ; 0.358 V                             ; 0.156 V                             ; 3.01e-10 s                 ; 4.34e-10 s                 ; No                        ; No                        ;
; oDisplay1[5] ; 2.5 V        ; 0 s                 ; 0 s                 ; 2.75 V                       ; 0.000242 V                   ; 2.86 V              ; -0.0805 V           ; 0.358 V                              ; 0.156 V                              ; 3.01e-10 s                  ; 4.34e-10 s                  ; No                         ; No                         ; 2.75 V                      ; 0.000242 V                  ; 2.86 V             ; -0.0805 V          ; 0.358 V                             ; 0.156 V                             ; 3.01e-10 s                 ; 4.34e-10 s                 ; No                        ; No                        ;
; oDisplay1[6] ; 2.5 V        ; 0 s                 ; 0 s                 ; 2.75 V                       ; 0.000242 V                   ; 2.86 V              ; -0.0814 V           ; 0.36 V                               ; 0.156 V                              ; 3e-10 s                     ; 4.34e-10 s                  ; No                         ; No                         ; 2.75 V                      ; 0.000242 V                  ; 2.86 V             ; -0.0814 V          ; 0.36 V                              ; 0.156 V                             ; 3e-10 s                    ; 4.34e-10 s                 ; No                        ; No                        ;
; oDisplay2[0] ; 2.5 V        ; 0 s                 ; 0 s                 ; 2.75 V                       ; 0.000242 V                   ; 2.86 V              ; -0.0814 V           ; 0.36 V                               ; 0.156 V                              ; 3e-10 s                     ; 4.34e-10 s                  ; No                         ; No                         ; 2.75 V                      ; 0.000242 V                  ; 2.86 V             ; -0.0814 V          ; 0.36 V                              ; 0.156 V                             ; 3e-10 s                    ; 4.34e-10 s                 ; No                        ; No                        ;
; oDisplay2[1] ; 2.5 V        ; 0 s                 ; 0 s                 ; 2.75 V                       ; 0.000242 V                   ; 2.86 V              ; -0.0814 V           ; 0.36 V                               ; 0.156 V                              ; 3e-10 s                     ; 4.34e-10 s                  ; No                         ; No                         ; 2.75 V                      ; 0.000242 V                  ; 2.86 V             ; -0.0814 V          ; 0.36 V                              ; 0.156 V                             ; 3e-10 s                    ; 4.34e-10 s                 ; No                        ; No                        ;
; oDisplay2[2] ; 2.5 V        ; 0 s                 ; 0 s                 ; 2.75 V                       ; 0.000242 V                   ; 2.86 V              ; -0.0805 V           ; 0.358 V                              ; 0.156 V                              ; 3.01e-10 s                  ; 4.34e-10 s                  ; No                         ; No                         ; 2.75 V                      ; 0.000242 V                  ; 2.86 V             ; -0.0805 V          ; 0.358 V                             ; 0.156 V                             ; 3.01e-10 s                 ; 4.34e-10 s                 ; No                        ; No                        ;
; oDisplay2[3] ; 2.5 V        ; 0 s                 ; 0 s                 ; 2.75 V                       ; 0.000242 V                   ; 2.86 V              ; -0.0805 V           ; 0.358 V                              ; 0.156 V                              ; 3.01e-10 s                  ; 4.34e-10 s                  ; No                         ; No                         ; 2.75 V                      ; 0.000242 V                  ; 2.86 V             ; -0.0805 V          ; 0.358 V                             ; 0.156 V                             ; 3.01e-10 s                 ; 4.34e-10 s                 ; No                        ; No                        ;
; oDisplay2[4] ; 2.5 V        ; 0 s                 ; 0 s                 ; 2.75 V                       ; 0.000242 V                   ; 2.86 V              ; -0.0814 V           ; 0.36 V                               ; 0.156 V                              ; 3e-10 s                     ; 4.34e-10 s                  ; No                         ; No                         ; 2.75 V                      ; 0.000242 V                  ; 2.86 V             ; -0.0814 V          ; 0.36 V                              ; 0.156 V                             ; 3e-10 s                    ; 4.34e-10 s                 ; No                        ; No                        ;
; oDisplay2[5] ; 2.5 V        ; 0 s                 ; 0 s                 ; 2.75 V                       ; 0.000242 V                   ; 2.86 V              ; -0.0814 V           ; 0.36 V                               ; 0.156 V                              ; 3e-10 s                     ; 4.34e-10 s                  ; No                         ; No                         ; 2.75 V                      ; 0.000242 V                  ; 2.86 V             ; -0.0814 V          ; 0.36 V                              ; 0.156 V                             ; 3e-10 s                    ; 4.34e-10 s                 ; No                        ; No                        ;
; oDisplay2[6] ; 2.5 V        ; 0 s                 ; 0 s                 ; 2.75 V                       ; 0.000242 V                   ; 2.86 V              ; -0.0805 V           ; 0.358 V                              ; 0.156 V                              ; 3.01e-10 s                  ; 4.34e-10 s                  ; No                         ; No                         ; 2.75 V                      ; 0.000242 V                  ; 2.86 V             ; -0.0805 V          ; 0.358 V                             ; 0.156 V                             ; 3.01e-10 s                 ; 4.34e-10 s                 ; No                        ; No                        ;
; oDisplay3[0] ; 2.5 V        ; 0 s                 ; 0 s                 ; 2.75 V                       ; 0.000242 V                   ; 2.86 V              ; -0.0805 V           ; 0.358 V                              ; 0.156 V                              ; 3.01e-10 s                  ; 4.34e-10 s                  ; No                         ; No                         ; 2.75 V                      ; 0.000242 V                  ; 2.86 V             ; -0.0805 V          ; 0.358 V                             ; 0.156 V                             ; 3.01e-10 s                 ; 4.34e-10 s                 ; No                        ; No                        ;
; oDisplay3[1] ; 2.5 V        ; 0 s                 ; 0 s                 ; 2.75 V                       ; 0.000242 V                   ; 2.86 V              ; -0.0814 V           ; 0.36 V                               ; 0.156 V                              ; 3e-10 s                     ; 4.34e-10 s                  ; No                         ; No                         ; 2.75 V                      ; 0.000242 V                  ; 2.86 V             ; -0.0814 V          ; 0.36 V                              ; 0.156 V                             ; 3e-10 s                    ; 4.34e-10 s                 ; No                        ; No                        ;
; oDisplay3[2] ; 2.5 V        ; 0 s                 ; 0 s                 ; 2.75 V                       ; 0.000213 V                   ; 2.79 V              ; -0.0324 V           ; 0.139 V                              ; 0.119 V                              ; 4.42e-10 s                  ; 4.33e-10 s                  ; No                         ; Yes                        ; 2.75 V                      ; 0.000213 V                  ; 2.79 V             ; -0.0324 V          ; 0.139 V                             ; 0.119 V                             ; 4.42e-10 s                 ; 4.33e-10 s                 ; No                        ; Yes                       ;
; oDisplay3[3] ; 2.5 V        ; 0 s                 ; 0 s                 ; 2.75 V                       ; 0.000213 V                   ; 2.79 V              ; -0.0324 V           ; 0.139 V                              ; 0.119 V                              ; 4.42e-10 s                  ; 4.33e-10 s                  ; No                         ; Yes                        ; 2.75 V                      ; 0.000213 V                  ; 2.79 V             ; -0.0324 V          ; 0.139 V                             ; 0.119 V                             ; 4.42e-10 s                 ; 4.33e-10 s                 ; No                        ; Yes                       ;
; oDisplay3[4] ; 2.5 V        ; 0 s                 ; 0 s                 ; 2.75 V                       ; 0.000242 V                   ; 2.86 V              ; -0.0814 V           ; 0.36 V                               ; 0.156 V                              ; 3e-10 s                     ; 4.34e-10 s                  ; No                         ; No                         ; 2.75 V                      ; 0.000242 V                  ; 2.86 V             ; -0.0814 V          ; 0.36 V                              ; 0.156 V                             ; 3e-10 s                    ; 4.34e-10 s                 ; No                        ; No                        ;
; oDisplay3[5] ; 2.5 V        ; 0 s                 ; 0 s                 ; 2.75 V                       ; 0.000242 V                   ; 2.86 V              ; -0.0814 V           ; 0.36 V                               ; 0.156 V                              ; 3e-10 s                     ; 4.34e-10 s                  ; No                         ; No                         ; 2.75 V                      ; 0.000242 V                  ; 2.86 V             ; -0.0814 V          ; 0.36 V                              ; 0.156 V                             ; 3e-10 s                    ; 4.34e-10 s                 ; No                        ; No                        ;
; oDisplay3[6] ; 2.5 V        ; 0 s                 ; 0 s                 ; 2.75 V                       ; 0.000247 V                   ; 2.85 V              ; -0.0711 V           ; 0.204 V                              ; 0.181 V                              ; 4.55e-10 s                  ; 4.49e-10 s                  ; No                         ; No                         ; 2.75 V                      ; 0.000247 V                  ; 2.85 V             ; -0.0711 V          ; 0.204 V                             ; 0.181 V                             ; 4.55e-10 s                 ; 4.49e-10 s                 ; No                        ; No                        ;
; oDisplay4[0] ; 2.5 V        ; 0 s                 ; 0 s                 ; 2.75 V                       ; 0.000213 V                   ; 2.79 V              ; -0.0324 V           ; 0.139 V                              ; 0.119 V                              ; 4.42e-10 s                  ; 4.33e-10 s                  ; No                         ; Yes                        ; 2.75 V                      ; 0.000213 V                  ; 2.79 V             ; -0.0324 V          ; 0.139 V                             ; 0.119 V                             ; 4.42e-10 s                 ; 4.33e-10 s                 ; No                        ; Yes                       ;
; oDisplay4[1] ; 2.5 V        ; 0 s                 ; 0 s                 ; 2.75 V                       ; 0.000247 V                   ; 2.85 V              ; -0.0711 V           ; 0.204 V                              ; 0.181 V                              ; 4.55e-10 s                  ; 4.49e-10 s                  ; No                         ; No                         ; 2.75 V                      ; 0.000247 V                  ; 2.85 V             ; -0.0711 V          ; 0.204 V                             ; 0.181 V                             ; 4.55e-10 s                 ; 4.49e-10 s                 ; No                        ; No                        ;
; oDisplay4[2] ; 2.5 V        ; 0 s                 ; 0 s                 ; 2.75 V                       ; 0.000247 V                   ; 2.85 V              ; -0.0711 V           ; 0.204 V                              ; 0.181 V                              ; 4.55e-10 s                  ; 4.49e-10 s                  ; No                         ; No                         ; 2.75 V                      ; 0.000247 V                  ; 2.85 V             ; -0.0711 V          ; 0.204 V                             ; 0.181 V                             ; 4.55e-10 s                 ; 4.49e-10 s                 ; No                        ; No                        ;
; oDisplay4[3] ; 2.5 V        ; 0 s                 ; 0 s                 ; 2.75 V                       ; 0.000213 V                   ; 2.79 V              ; -0.0324 V           ; 0.139 V                              ; 0.119 V                              ; 4.42e-10 s                  ; 4.33e-10 s                  ; No                         ; Yes                        ; 2.75 V                      ; 0.000213 V                  ; 2.79 V             ; -0.0324 V          ; 0.139 V                             ; 0.119 V                             ; 4.42e-10 s                 ; 4.33e-10 s                 ; No                        ; Yes                       ;
; oDisplay4[4] ; 2.5 V        ; 0 s                 ; 0 s                 ; 2.75 V                       ; 0.000247 V                   ; 2.85 V              ; -0.0711 V           ; 0.204 V                              ; 0.181 V                              ; 4.55e-10 s                  ; 4.49e-10 s                  ; No                         ; No                         ; 2.75 V                      ; 0.000247 V                  ; 2.85 V             ; -0.0711 V          ; 0.204 V                             ; 0.181 V                             ; 4.55e-10 s                 ; 4.49e-10 s                 ; No                        ; No                        ;
; oDisplay4[5] ; 2.5 V        ; 0 s                 ; 0 s                 ; 2.75 V                       ; 0.000247 V                   ; 2.85 V              ; -0.0711 V           ; 0.204 V                              ; 0.181 V                              ; 4.55e-10 s                  ; 4.49e-10 s                  ; No                         ; No                         ; 2.75 V                      ; 0.000247 V                  ; 2.85 V             ; -0.0711 V          ; 0.204 V                             ; 0.181 V                             ; 4.55e-10 s                 ; 4.49e-10 s                 ; No                        ; No                        ;
; oDisplay4[6] ; 2.5 V        ; 0 s                 ; 0 s                 ; 2.75 V                       ; 0.000213 V                   ; 2.79 V              ; -0.0324 V           ; 0.139 V                              ; 0.119 V                              ; 4.42e-10 s                  ; 4.33e-10 s                  ; No                         ; Yes                        ; 2.75 V                      ; 0.000213 V                  ; 2.79 V             ; -0.0324 V          ; 0.139 V                             ; 0.119 V                             ; 4.42e-10 s                 ; 4.33e-10 s                 ; No                        ; Yes                       ;
; oDisplay5[0] ; 2.5 V        ; 0 s                 ; 0 s                 ; 2.75 V                       ; 0.000213 V                   ; 2.79 V              ; -0.0324 V           ; 0.139 V                              ; 0.119 V                              ; 4.42e-10 s                  ; 4.33e-10 s                  ; No                         ; Yes                        ; 2.75 V                      ; 0.000213 V                  ; 2.79 V             ; -0.0324 V          ; 0.139 V                             ; 0.119 V                             ; 4.42e-10 s                 ; 4.33e-10 s                 ; No                        ; Yes                       ;
; oDisplay5[1] ; 2.5 V        ; 0 s                 ; 0 s                 ; 2.75 V                       ; 0.000247 V                   ; 2.85 V              ; -0.0711 V           ; 0.204 V                              ; 0.181 V                              ; 4.55e-10 s                  ; 4.49e-10 s                  ; No                         ; No                         ; 2.75 V                      ; 0.000247 V                  ; 2.85 V             ; -0.0711 V          ; 0.204 V                             ; 0.181 V                             ; 4.55e-10 s                 ; 4.49e-10 s                 ; No                        ; No                        ;
; oDisplay5[2] ; 2.5 V        ; 0 s                 ; 0 s                 ; 2.75 V                       ; 0.000247 V                   ; 2.85 V              ; -0.0711 V           ; 0.204 V                              ; 0.181 V                              ; 4.55e-10 s                  ; 4.49e-10 s                  ; No                         ; No                         ; 2.75 V                      ; 0.000247 V                  ; 2.85 V             ; -0.0711 V          ; 0.204 V                             ; 0.181 V                             ; 4.55e-10 s                 ; 4.49e-10 s                 ; No                        ; No                        ;
; oDisplay5[3] ; 2.5 V        ; 0 s                 ; 0 s                 ; 2.75 V                       ; 0.000213 V                   ; 2.79 V              ; -0.0324 V           ; 0.139 V                              ; 0.119 V                              ; 4.42e-10 s                  ; 4.33e-10 s                  ; No                         ; Yes                        ; 2.75 V                      ; 0.000213 V                  ; 2.79 V             ; -0.0324 V          ; 0.139 V                             ; 0.119 V                             ; 4.42e-10 s                 ; 4.33e-10 s                 ; No                        ; Yes                       ;
; oDisplay5[4] ; 2.5 V        ; 0 s                 ; 0 s                 ; 2.75 V                       ; 0.000213 V                   ; 2.79 V              ; -0.0324 V           ; 0.139 V                              ; 0.119 V                              ; 4.42e-10 s                  ; 4.33e-10 s                  ; No                         ; Yes                        ; 2.75 V                      ; 0.000213 V                  ; 2.79 V             ; -0.0324 V          ; 0.139 V                             ; 0.119 V                             ; 4.42e-10 s                 ; 4.33e-10 s                 ; No                        ; Yes                       ;
; oDisplay5[5] ; 2.5 V        ; 0 s                 ; 0 s                 ; 2.75 V                       ; 0.000213 V                   ; 2.79 V              ; -0.0324 V           ; 0.139 V                              ; 0.119 V                              ; 4.42e-10 s                  ; 4.33e-10 s                  ; No                         ; Yes                        ; 2.75 V                      ; 0.000213 V                  ; 2.79 V             ; -0.0324 V          ; 0.139 V                             ; 0.119 V                             ; 4.42e-10 s                 ; 4.33e-10 s                 ; No                        ; Yes                       ;
; oDisplay5[6] ; 2.5 V        ; 0 s                 ; 0 s                 ; 2.75 V                       ; 0.000242 V                   ; 2.86 V              ; -0.0805 V           ; 0.358 V                              ; 0.156 V                              ; 3.01e-10 s                  ; 4.34e-10 s                  ; No                         ; No                         ; 2.75 V                      ; 0.000242 V                  ; 2.86 V             ; -0.0805 V          ; 0.358 V                             ; 0.156 V                             ; 3.01e-10 s                 ; 4.34e-10 s                 ; No                        ; No                        ;
; oDisplay6[0] ; 2.5 V        ; 0 s                 ; 0 s                 ; 2.75 V                       ; 0.000247 V                   ; 2.85 V              ; -0.0711 V           ; 0.204 V                              ; 0.181 V                              ; 4.55e-10 s                  ; 4.49e-10 s                  ; No                         ; No                         ; 2.75 V                      ; 0.000247 V                  ; 2.85 V             ; -0.0711 V          ; 0.204 V                             ; 0.181 V                             ; 4.55e-10 s                 ; 4.49e-10 s                 ; No                        ; No                        ;
; oDisplay6[1] ; 2.5 V        ; 0 s                 ; 0 s                 ; 2.75 V                       ; 0.000242 V                   ; 2.86 V              ; -0.0805 V           ; 0.358 V                              ; 0.156 V                              ; 3.01e-10 s                  ; 4.34e-10 s                  ; No                         ; No                         ; 2.75 V                      ; 0.000242 V                  ; 2.86 V             ; -0.0805 V          ; 0.358 V                             ; 0.156 V                             ; 3.01e-10 s                 ; 4.34e-10 s                 ; No                        ; No                        ;
; oDisplay6[2] ; 2.5 V        ; 0 s                 ; 0 s                 ; 2.75 V                       ; 0.000242 V                   ; 2.86 V              ; -0.0814 V           ; 0.36 V                               ; 0.156 V                              ; 3e-10 s                     ; 4.34e-10 s                  ; No                         ; No                         ; 2.75 V                      ; 0.000242 V                  ; 2.86 V             ; -0.0814 V          ; 0.36 V                              ; 0.156 V                             ; 3e-10 s                    ; 4.34e-10 s                 ; No                        ; No                        ;
; oDisplay6[3] ; 2.5 V        ; 0 s                 ; 0 s                 ; 2.75 V                       ; 0.000213 V                   ; 2.79 V              ; -0.0324 V           ; 0.139 V                              ; 0.119 V                              ; 4.42e-10 s                  ; 4.33e-10 s                  ; No                         ; Yes                        ; 2.75 V                      ; 0.000213 V                  ; 2.79 V             ; -0.0324 V          ; 0.139 V                             ; 0.119 V                             ; 4.42e-10 s                 ; 4.33e-10 s                 ; No                        ; Yes                       ;
; oDisplay6[4] ; 2.5 V        ; 0 s                 ; 0 s                 ; 2.75 V                       ; 0.000213 V                   ; 2.79 V              ; -0.0324 V           ; 0.139 V                              ; 0.119 V                              ; 4.42e-10 s                  ; 4.33e-10 s                  ; No                         ; Yes                        ; 2.75 V                      ; 0.000213 V                  ; 2.79 V             ; -0.0324 V          ; 0.139 V                             ; 0.119 V                             ; 4.42e-10 s                 ; 4.33e-10 s                 ; No                        ; Yes                       ;
; oDisplay6[5] ; 2.5 V        ; 0 s                 ; 0 s                 ; 2.75 V                       ; 0.000213 V                   ; 2.79 V              ; -0.0324 V           ; 0.139 V                              ; 0.119 V                              ; 4.42e-10 s                  ; 4.33e-10 s                  ; No                         ; Yes                        ; 2.75 V                      ; 0.000213 V                  ; 2.79 V             ; -0.0324 V          ; 0.139 V                             ; 0.119 V                             ; 4.42e-10 s                 ; 4.33e-10 s                 ; No                        ; Yes                       ;
; oDisplay6[6] ; 2.5 V        ; 0 s                 ; 0 s                 ; 2.75 V                       ; 0.000247 V                   ; 2.85 V              ; -0.0711 V           ; 0.204 V                              ; 0.181 V                              ; 4.55e-10 s                  ; 4.49e-10 s                  ; No                         ; No                         ; 2.75 V                      ; 0.000247 V                  ; 2.85 V             ; -0.0711 V          ; 0.204 V                             ; 0.181 V                             ; 4.55e-10 s                 ; 4.49e-10 s                 ; No                        ; No                        ;
+--------------+--------------+---------------------+---------------------+------------------------------+------------------------------+---------------------+---------------------+--------------------------------------+--------------------------------------+-----------------------------+-----------------------------+----------------------------+----------------------------+-----------------------------+-----------------------------+--------------------+--------------------+-------------------------------------+-------------------------------------+----------------------------+----------------------------+---------------------------+---------------------------+


-------------------
; Clock Transfers ;
-------------------
Nothing to report.


---------------
; Report TCCS ;
---------------
No dedicated SERDES Transmitter circuitry present in device or used in design


---------------
; Report RSKM ;
---------------
No non-DPA dedicated SERDES Receiver circuitry present in device or used in design


+------------------------------------------------+
; Unconstrained Paths                            ;
+---------------------------------+-------+------+
; Property                        ; Setup ; Hold ;
+---------------------------------+-------+------+
; Illegal Clocks                  ; 0     ; 0    ;
; Unconstrained Clocks            ; 0     ; 0    ;
; Unconstrained Input Ports       ; 3     ; 3    ;
; Unconstrained Input Port Paths  ; 90    ; 90   ;
; Unconstrained Output Ports      ; 30    ; 30   ;
; Unconstrained Output Port Paths ; 90    ; 90   ;
+---------------------------------+-------+------+


+------------------------------------+
; TimeQuest Timing Analyzer Messages ;
+------------------------------------+
Info: *******************************************************************
Info: Running Quartus II 64-Bit TimeQuest Timing Analyzer
    Info: Version 13.1.0 Build 162 10/23/2013 SJ Web Edition
    Info: Processing started: Wed Sep 23 19:17:06 2026
Info: Command: quartus_sta Ejercicio11 -c Ejercicio11
Info: qsta_default_script.tcl version: #1
Info (11104): Parallel Compilation has detected 12 hyper-threaded processors. However, the extra hyper-threaded processors will not be used by default. Parallel Compilation will use 8 of the 8 physical processors detected instead.
Info (21077): Low junction temperature is 0 degrees C
Info (21077): High junction temperature is 85 degrees C
Critical Warning (332012): Synopsys Design Constraints File file not found: 'Ejercicio11.sdc'. A Synopsys Design Constraints File is required by the TimeQuest Timing Analyzer to get proper timing constraints. Without it, the Compiler will not properly optimize the design.
Info (332142): No user constrained base clocks found in the design. Calling "derive_clocks -period 1.0"
Info (332096): The command derive_clocks did not find any clocks to derive.  No clocks were created or changed.
Warning (332068): No clocks defined in design.
Info (332143): No user constrained clock uncertainty found in the design. Calling "derive_clock_uncertainty"
Info (332154): The derive_clock_uncertainty command did not apply clock uncertainty to any clock-to-clock transfers.
Info: Found TIMEQUEST_REPORT_SCRIPT_INCLUDE_DEFAULT_ANALYSIS = ON
Info (332159): No clocks to report
Info: Analyzing Slow 1100mV 85C Model
Info (332140): No fmax paths to report
Info (332140): No Setup paths to report
Info (332140): No Hold paths to report
Info (332140): No Recovery paths to report
Info (332140): No Removal paths to report
Info (332140): No Minimum Pulse Width paths to report
Info: Analyzing Slow 1100mV 0C Model
Info (334003): Started post-fitting delay annotation
Info (334004): Delay annotation completed successfully
Info (332142): No user constrained base clocks found in the design. Calling "derive_clocks -period 1.0"
Info (332096): The command derive_clocks did not find any clocks to derive.  No clocks were created or changed.
Warning (332068): No clocks defined in design.
Info (332154): The derive_clock_uncertainty command did not apply clock uncertainty to any clock-to-clock transfers.
Info (332140): No fmax paths to report
Info (332140): No Setup paths to report
Info (332140): No Hold paths to report
Info (332140): No Recovery paths to report
Info (332140): No Removal paths to report
Info (332140): No Minimum Pulse Width paths to report
Info: Analyzing Fast 1100mV 85C Model
Info (334003): Started post-fitting delay annotation
Info (334004): Delay annotation completed successfully
Info (332142): No user constrained base clocks found in the design. Calling "derive_clocks -period 1.0"
Info (332096): The command derive_clocks did not find any clocks to derive.  No clocks were created or changed.
Warning (332068): No clocks defined in design.
Info (332154): The derive_clock_uncertainty command did not apply clock uncertainty to any clock-to-clock transfers.
Info (332140): No Setup paths to report
Info (332140): No Hold paths to report
Info (332140): No Recovery paths to report
Info (332140): No Removal paths to report
Info (332140): No Minimum Pulse Width paths to report
Info: Analyzing Fast 1100mV 0C Model
Info (332142): No user constrained base clocks found in the design. Calling "derive_clocks -period 1.0"
Info (332096): The command derive_clocks did not find any clocks to derive.  No clocks were created or changed.
Warning (332068): No clocks defined in design.
Info (332154): The derive_clock_uncertainty command did not apply clock uncertainty to any clock-to-clock transfers.
Info (332140): No Setup paths to report
Info (332140): No Hold paths to report
Info (332140): No Recovery paths to report
Info (332140): No Removal paths to report
Info (332140): No Minimum Pulse Width paths to report
Info (332102): Design is not fully constrained for setup requirements
Info (332102): Design is not fully constrained for hold requirements
Info: Quartus II 64-Bit TimeQuest Timing Analyzer was successful. 0 errors, 5 warnings
    Info: Peak virtual memory: 4905 megabytes
    Info: Processing ended: Wed Sep 23 19:17:11 2026
    Info: Elapsed time: 00:00:05
    Info: Total CPU time (on all processors): 00:00:05


